url,status,final_url,title,h1_count,discovered_from,rendered_interaction_status
https://bacwater.ai/,200,https://bacwater.ai/,BAC Water Calculator | Peptide Reconstitution | BACwater.ai,1,sitemap; source/history; https://bacwater.ai/research-finder; https://bacwater.ai/products/amino-h2o; https://bacwater.ai/products/glp-1; https://bacwater.ai/products/glp-2; https://bacwater.ai/products/glp-3; https://bacwater.ai/products/bpc-157; https://bacwater.ai/products/ghk-cu; https://bacwater.ai/products/tb-500; https://bacwater.ai/products/tesamorlin; https://bacwater.ai/products/mots-c; https://bacwater.ai/products/nad-plus; https://bacwater.ai/products/cjc-ipa-no-dac; https://bacwater.ai/products/kpv; https://bacwater.ai/products/klow; https://bacwater.ai/products/semax; https://bacwater.ai/products/glutathione; https://bacwater.ai/products/melanotan-ii; https://bacwater.ai/products/glow; https://bacwater.ai/products/selank; https://bacwater.ai/products/melanotan-i; https://bacwater.ai/products/igf-1-lr3; https://bacwater.ai/products/5-amino-1mq; https://bacwater.ai/products/wolverine-stack; https://bacwater.ai/products/pt-141; https://bacwater.ai/products/cagrilintide; https://bacwater.ai/products/aod-9604; https://bacwater.ai/products/dsip; https://bacwater.ai/products/epithalon; https://bacwater.ai/products/ipamorelin; https://bacwater.ai/products/snap-8; https://bacwater.ai/products/thymosin-alpha-1; https://bacwater.ai/products/ghkcu-spray; https://bacwater.ai/products/nad-plus-spray; https://bacwater.ai/products/semax-spray; https://bacwater.ai/products/selank-spray; https://bacwater.ai/products/pt-141-spray; https://bacwater.ai/products/melanotan-ii-spray; https://bacwater.ai/products/ll-37; https://bacwater.ai/products/cartalax; https://bacwater.ai/products/sermorelin; https://bacwater.ai/products/kisspeptin; https://bacwater.ai/products/dihexa; https://bacwater.ai/products/vip; https://bacwater.ai/products/ara-290; https://bacwater.ai/products/dsip-spray; https://bacwater.ai/products/adalank-spray; https://bacwater.ai/products/adamax-spray; https://bacwater.ai/products/bpc-tb-spray; https://bacwater.ai/products/bpc-spray; https://bacwater.ai/products/pinealon; https://bacwater.ai/products/ahk-cu; https://bacwater.ai/share-tools; https://bacwater.ai/recommendations; https://bacwater.ai/embed; https://bacwater.ai/methodology; https://bacwater.ai/compare-calculators; https://bacwater.ai/; https://bacwater.ai/peptide-calculator; https://bacwater.ai/plan; https://bacwater.ai/peptides; https://bacwater.ai/peptides/compare; https://bacwater.ai/learn; https://bacwater.ai/faq; https://bacwater.ai/sitemap; https://bacwater.ai/tools; https://bacwater.ai/tools/bac-water; https://bacwater.ai/tools/dose; https://bacwater.ai/tools/syringe-units; https://bacwater.ai/tools/mg-to-mcg; https://bacwater.ai/tools/supplies; https://bacwater.ai/tools/reverse-bac; https://bacwater.ai/tools/vial-labels; https://bacwater.ai/learn/glossary; https://bacwater.ai/learn/bac-water-shelf-life; https://bacwater.ai/learn/where-to-buy-bacteriostatic-water; https://bacwater.ai/learn/bac-water-for-peptides; https://bacwater.ai/learn/what-you-cannot-know; https://bacwater.ai/about; https://bacwater.ai/contact; https://bacwater.ai/editorial-policy; https://bacwater.ai/preferred-source; https://bacwater.ai/terms; https://bacwater.ai/privacy; https://bacwater.ai/disclaimer; https://bacwater.ai/peptides/bpc-157; https://bacwater.ai/peptides/tb-500; https://bacwater.ai/peptides/ipamorelin; https://bacwater.ai/peptides/cjc-1295-no-dac; https://bacwater.ai/peptides/cjc-1295-with-dac; https://bacwater.ai/peptides/sermorelin; https://bacwater.ai/peptides/hexarelin; https://bacwater.ai/peptides/semaglutide; https://bacwater.ai/peptides/tirzepatide; https://bacwater.ai/peptides/retatrutide; https://bacwater.ai/peptides/cagrilintide; https://bacwater.ai/peptides/mots-c; https://bacwater.ai/peptides/epithalon; https://bacwater.ai/peptides/ghk-cu; https://bacwater.ai/peptides/melanotan-2; https://bacwater.ai/peptides/ss-31; https://bacwater.ai/peptides/selank; https://bacwater.ai/peptides/semax; https://bacwater.ai/peptides/aod-9604; https://bacwater.ai/peptides/kisspeptin-10; https://bacwater.ai/peptides/pt-141; https://bacwater.ai/peptides/hcg; https://bacwater.ai/peptides/glow-blend; https://bacwater.ai/peptides/custom; https://bacwater.ai/learn/vs/sterile-water; https://bacwater.ai/learn/vs/saline; https://bacwater.ai/learn/vs/sodium-chloride; https://bacwater.ai/learn/vs/distilled-water; https://bacwater.ai/learn/vs/benzyl-alcohol; https://bacwater.ai/learn/vs/acetic-acid; https://bacwater.ai/learn/vs/reconstitution-solution; https://bacwater.ai/learn/what-syringe-units-mean; https://bacwater.ai/learn/how-peptide-reconstitution-works; https://bacwater.ai/learn/how-to-read-a-peptide-vial; https://bacwater.ai/learn/how-to-reconstitute-tirzepatide; https://bacwater.ai/learn/how-to-read-an-insulin-syringe; https://bacwater.ai/learn/peptide-reconstitution-chart; https://bacwater.ai/learn/insulin-syringe-sizes; https://bacwater.ai/learn/too-much-bac-water; https://bacwater.ai/learn/how-to-reconstitute-bpc-157; https://bacwater.ai/learn/what-is-bac-water; https://bacwater.ai/learn/how-to-use-an-insulin-syringe; https://bacwater.ai/learn/how-to-store-reconstituted-peptides; https://bacwater.ai/learn/common-mistakes-to-avoid; https://bacwater.ai/learn/how-to-reconstitute-semaglutide; https://bacwater.ai/learn?type=guide; https://bacwater.ai/learn?type=peptide-guide; https://bacwater.ai/learn?type=comparison; https://bacwater.ai/learn?topic=dosage; https://bacwater.ai/learn?topic=storage; https://bacwater.ai/learn?topic=safety; https://bacwater.ai/learn?topic=ingredients; https://bacwater.ai/learn?topic=injection-supplies; https://bacwater.ai/learn?topic=reconstitution-method; https://bacwater.ai/learn?peptide=bpc-157; https://bacwater.ai/learn?peptide=tb-500; https://bacwater.ai/learn?peptide=ipamorelin; https://bacwater.ai/learn?peptide=cjc-1295-no-dac; https://bacwater.ai/learn?peptide=cjc-1295-with-dac; https://bacwater.ai/learn?peptide=sermorelin; https://bacwater.ai/learn?peptide=hexarelin; https://bacwater.ai/learn?peptide=semaglutide; https://bacwater.ai/learn?peptide=tirzepatide; https://bacwater.ai/learn?peptide=retatrutide; https://bacwater.ai/learn?peptide=cagrilintide; https://bacwater.ai/learn?peptide=mots-c; https://bacwater.ai/learn?peptide=epithalon; https://bacwater.ai/learn?peptide=ghk-cu; https://bacwater.ai/learn?peptide=melanotan-2; https://bacwater.ai/learn?peptide=ss-31; https://bacwater.ai/learn?peptide=selank; https://bacwater.ai/learn?peptide=semax; https://bacwater.ai/learn?peptide=aod-9604; https://bacwater.ai/learn?peptide=kisspeptin-10; https://bacwater.ai/learn?peptide=pt-141; https://bacwater.ai/learn?peptide=hcg; https://bacwater.ai/learn?peptide=glow-blend; https://bacwater.ai/learn?peptide=custom; https://bacwater.ai/search; https://bacwater.ai/signin; https://bacwater.ai/signup; https://bacwater.ai/plans; https://bacwater.ai/plans/labels; https://bacwater.ai/plan/new; https://bacwater.ai/forgot-password; https://bacwater.ai/reset-password; https://bacwater.ai/calculate/product/amino-h2o; https://bacwater.ai/calculate/product/glp-1; https://bacwater.ai/calculate/product/glp-2; https://bacwater.ai/calculate/product/glp-3; https://bacwater.ai/calculate/product/bpc-157; https://bacwater.ai/calculate/product/ghk-cu; https://bacwater.ai/calculate/product/tb-500; https://bacwater.ai/calculate/product/tesamorlin; https://bacwater.ai/calculate/product/mots-c; https://bacwater.ai/calculate/product/nad-plus; https://bacwater.ai/calculate/product/cjc-ipa-no-dac; https://bacwater.ai/calculate/product/kpv; https://bacwater.ai/calculate/product/klow; https://bacwater.ai/calculate/product/semax; https://bacwater.ai/calculate/product/glutathione; https://bacwater.ai/calculate/product/melanotan-ii; https://bacwater.ai/calculate/product/glow; https://bacwater.ai/calculate/product/selank; https://bacwater.ai/calculate/product/melanotan-i; https://bacwater.ai/calculate/product/igf-1-lr3; https://bacwater.ai/calculate/product/5-amino-1mq; https://bacwater.ai/calculate/product/wolverine-stack; https://bacwater.ai/calculate/product/pt-141; https://bacwater.ai/calculate/product/cagrilintide; https://bacwater.ai/calculate/product/aod-9604; https://bacwater.ai/calculate/product/dsip; https://bacwater.ai/calculate/product/epithalon; https://bacwater.ai/calculate/product/ipamorelin; https://bacwater.ai/calculate/product/snap-8; https://bacwater.ai/calculate/product/thymosin-alpha-1; https://bacwater.ai/calculate/product/ghkcu-spray; https://bacwater.ai/calculate/product/nad-plus-spray; https://bacwater.ai/calculate/product/semax-spray; https://bacwater.ai/calculate/product/selank-spray; https://bacwater.ai/calculate/product/pt-141-spray; https://bacwater.ai/calculate/product/melanotan-ii-spray; https://bacwater.ai/calculate/product/ll-37; https://bacwater.ai/calculate/product/cartalax; https://bacwater.ai/calculate/product/sermorelin; https://bacwater.ai/calculate/product/kisspeptin; https://bacwater.ai/calculate/product/dihexa; https://bacwater.ai/calculate/product/vip; https://bacwater.ai/calculate/product/ara-290; https://bacwater.ai/calculate/product/dsip-spray; https://bacwater.ai/calculate/product/adalank-spray; https://bacwater.ai/calculate/product/adamax-spray; https://bacwater.ai/calculate/product/bpc-tb-spray; https://bacwater.ai/calculate/product/bpc-spray; https://bacwater.ai/calculate/product/pinealon; https://bacwater.ai/calculate/product/ahk-cu; https://bacwater.ai/learn?type=faq; https://bacwater.ai/learn?type=buying-guide; https://bacwater.ai/learn?type=safety; https://bacwater.ai/learn?topic=where-to-buy; https://bacwater.ai/calculate/bpc-157; https://bacwater.ai/calculate/tb-500; https://bacwater.ai/calculate/ipamorelin; https://bacwater.ai/calculate/cjc-1295-no-dac; https://bacwater.ai/calculate/cjc-1295-with-dac; https://bacwater.ai/calculate/sermorelin; https://bacwater.ai/calculate/hexarelin; https://bacwater.ai/calculate/semaglutide; https://bacwater.ai/calculate/tirzepatide; https://bacwater.ai/calculate/retatrutide; https://bacwater.ai/calculate/cagrilintide; https://bacwater.ai/calculate/mots-c; https://bacwater.ai/calculate/epithalon; https://bacwater.ai/calculate/ghk-cu; https://bacwater.ai/calculate/melanotan-2; https://bacwater.ai/calculate/ss-31; https://bacwater.ai/calculate/selank; https://bacwater.ai/calculate/semax; https://bacwater.ai/calculate/aod-9604; https://bacwater.ai/calculate/kisspeptin-10; https://bacwater.ai/calculate/pt-141; https://bacwater.ai/calculate/hcg; https://bacwater.ai/calculate/glow-blend; https://bacwater.ai/calculate/custom,NOT TESTED in this live audit: shared browser approval blocked
https://bacwater.ai/about,200,https://bacwater.ai/about,About BACwater.ai: Free Calculation Tools,1,sitemap; https://bacwater.ai/research-finder; https://bacwater.ai/products/amino-h2o; https://bacwater.ai/products/glp-1; https://bacwater.ai/products/glp-2; https://bacwater.ai/products/glp-3; https://bacwater.ai/products/bpc-157; https://bacwater.ai/products/ghk-cu; https://bacwater.ai/products/tb-500; https://bacwater.ai/products/tesamorlin; https://bacwater.ai/products/mots-c; https://bacwater.ai/products/nad-plus; https://bacwater.ai/products/cjc-ipa-no-dac; https://bacwater.ai/products/kpv; https://bacwater.ai/products/klow; https://bacwater.ai/products/semax; https://bacwater.ai/products/glutathione; https://bacwater.ai/products/melanotan-ii; https://bacwater.ai/products/glow; https://bacwater.ai/products/selank; https://bacwater.ai/products/melanotan-i; https://bacwater.ai/products/igf-1-lr3; https://bacwater.ai/products/5-amino-1mq; https://bacwater.ai/products/wolverine-stack; https://bacwater.ai/products/pt-141; https://bacwater.ai/products/cagrilintide; https://bacwater.ai/products/aod-9604; https://bacwater.ai/products/dsip; https://bacwater.ai/products/epithalon; https://bacwater.ai/products/ipamorelin; https://bacwater.ai/products/snap-8; https://bacwater.ai/products/thymosin-alpha-1; https://bacwater.ai/products/ghkcu-spray; https://bacwater.ai/products/nad-plus-spray; https://bacwater.ai/products/semax-spray; https://bacwater.ai/products/selank-spray; https://bacwater.ai/products/pt-141-spray; https://bacwater.ai/products/melanotan-ii-spray; https://bacwater.ai/products/ll-37; https://bacwater.ai/products/cartalax; https://bacwater.ai/products/sermorelin; https://bacwater.ai/products/kisspeptin; https://bacwater.ai/products/dihexa; https://bacwater.ai/products/vip; https://bacwater.ai/products/ara-290; https://bacwater.ai/products/dsip-spray; https://bacwater.ai/products/adalank-spray; https://bacwater.ai/products/adamax-spray; https://bacwater.ai/products/bpc-tb-spray; https://bacwater.ai/products/bpc-spray; https://bacwater.ai/products/pinealon; https://bacwater.ai/products/ahk-cu; https://bacwater.ai/share-tools; https://bacwater.ai/recommendations; https://bacwater.ai/embed; https://bacwater.ai/methodology; https://bacwater.ai/compare-calculators; https://bacwater.ai/; https://bacwater.ai/peptides; https://bacwater.ai/peptides/compare; https://bacwater.ai/learn; https://bacwater.ai/faq; https://bacwater.ai/sitemap; https://bacwater.ai/tools; https://bacwater.ai/tools/vial-labels; https://bacwater.ai/learn/glossary; https://bacwater.ai/learn/bac-water-shelf-life; https://bacwater.ai/learn/where-to-buy-bacteriostatic-water; https://bacwater.ai/learn/bac-water-for-peptides; https://bacwater.ai/learn/what-you-cannot-know; https://bacwater.ai/about; https://bacwater.ai/contact; https://bacwater.ai/editorial-policy; https://bacwater.ai/preferred-source; https://bacwater.ai/terms; https://bacwater.ai/privacy; https://bacwater.ai/disclaimer; https://bacwater.ai/peptides/bpc-157; https://bacwater.ai/peptides/tb-500; https://bacwater.ai/peptides/ipamorelin; https://bacwater.ai/peptides/cjc-1295-no-dac; https://bacwater.ai/peptides/cjc-1295-with-dac; https://bacwater.ai/peptides/sermorelin; https://bacwater.ai/peptides/hexarelin; https://bacwater.ai/peptides/semaglutide; https://bacwater.ai/peptides/tirzepatide; https://bacwater.ai/peptides/retatrutide; https://bacwater.ai/peptides/cagrilintide; https://bacwater.ai/peptides/mots-c; https://bacwater.ai/peptides/epithalon; https://bacwater.ai/peptides/ghk-cu; https://bacwater.ai/peptides/melanotan-2; https://bacwater.ai/peptides/ss-31; https://bacwater.ai/peptides/selank; https://bacwater.ai/peptides/semax; https://bacwater.ai/peptides/aod-9604; https://bacwater.ai/peptides/kisspeptin-10; https://bacwater.ai/peptides/pt-141; https://bacwater.ai/peptides/hcg; https://bacwater.ai/peptides/glow-blend; https://bacwater.ai/peptides/custom; https://bacwater.ai/learn/vs/sterile-water; https://bacwater.ai/learn/vs/saline; https://bacwater.ai/learn/vs/sodium-chloride; https://bacwater.ai/learn/vs/distilled-water; https://bacwater.ai/learn/vs/benzyl-alcohol; https://bacwater.ai/learn/vs/acetic-acid; https://bacwater.ai/learn/vs/reconstitution-solution; https://bacwater.ai/learn/what-syringe-units-mean; https://bacwater.ai/learn/how-peptide-reconstitution-works; https://bacwater.ai/learn/how-to-read-a-peptide-vial; https://bacwater.ai/learn/how-to-reconstitute-tirzepatide; https://bacwater.ai/learn/how-to-read-an-insulin-syringe; https://bacwater.ai/learn/peptide-reconstitution-chart; https://bacwater.ai/learn/insulin-syringe-sizes; https://bacwater.ai/learn/too-much-bac-water; https://bacwater.ai/learn/how-to-reconstitute-bpc-157; https://bacwater.ai/learn/what-is-bac-water; https://bacwater.ai/learn/how-to-use-an-insulin-syringe; https://bacwater.ai/learn/how-to-store-reconstituted-peptides; https://bacwater.ai/learn/common-mistakes-to-avoid; https://bacwater.ai/learn/how-to-reconstitute-semaglutide; https://bacwater.ai/learn?type=guide; https://bacwater.ai/learn?type=peptide-guide; https://bacwater.ai/learn?type=comparison; https://bacwater.ai/learn?topic=dosage; https://bacwater.ai/learn?topic=storage; https://bacwater.ai/learn?topic=safety; https://bacwater.ai/learn?topic=ingredients; https://bacwater.ai/learn?topic=injection-supplies; https://bacwater.ai/learn?topic=reconstitution-method; https://bacwater.ai/learn?peptide=bpc-157; https://bacwater.ai/learn?peptide=tb-500; https://bacwater.ai/learn?peptide=ipamorelin; https://bacwater.ai/learn?peptide=cjc-1295-no-dac; https://bacwater.ai/learn?peptide=cjc-1295-with-dac; https://bacwater.ai/learn?peptide=sermorelin; https://bacwater.ai/learn?peptide=hexarelin; https://bacwater.ai/learn?peptide=semaglutide; https://bacwater.ai/learn?peptide=tirzepatide; https://bacwater.ai/learn?peptide=retatrutide; https://bacwater.ai/learn?peptide=cagrilintide; https://bacwater.ai/learn?peptide=mots-c; https://bacwater.ai/learn?peptide=epithalon; https://bacwater.ai/learn?peptide=ghk-cu; https://bacwater.ai/learn?peptide=melanotan-2; https://bacwater.ai/learn?peptide=ss-31; https://bacwater.ai/learn?peptide=selank; https://bacwater.ai/learn?peptide=semax; https://bacwater.ai/learn?peptide=aod-9604; https://bacwater.ai/learn?peptide=kisspeptin-10; https://bacwater.ai/learn?peptide=pt-141; https://bacwater.ai/learn?peptide=hcg; https://bacwater.ai/learn?peptide=glow-blend; https://bacwater.ai/learn?peptide=custom; https://bacwater.ai/search; https://bacwater.ai/signin; https://bacwater.ai/signup; https://bacwater.ai/plans; https://bacwater.ai/plans/labels; https://bacwater.ai/forgot-password; https://bacwater.ai/reset-password; https://bacwater.ai/learn?type=faq; https://bacwater.ai/learn?type=buying-guide; https://bacwater.ai/learn?type=safety; https://bacwater.ai/learn?topic=where-to-buy,NOT TESTED in this live audit: shared browser approval blocked
https://bacwater.ai/calculate/aod-9604,200,https://bacwater.ai/calculate/aod-9604,AOD-9604 calculator · BACwater.ai,1,https://bacwater.ai/peptides/aod-9604,NOT TESTED in this live audit: shared browser approval blocked
https://bacwater.ai/calculate/bpc-157,200,https://bacwater.ai/calculate/bpc-157,BPC-157 calculator · BACwater.ai,1,https://bacwater.ai/peptides/bpc-157,NOT TESTED in this live audit: shared browser approval blocked
https://bacwater.ai/calculate/cagrilintide,200,https://bacwater.ai/calculate/cagrilintide,Cagrilintide calculator · BACwater.ai,1,https://bacwater.ai/peptides/cagrilintide,NOT TESTED in this live audit: shared browser approval blocked
https://bacwater.ai/calculate/cjc-1295-no-dac,200,https://bacwater.ai/calculate/cjc-1295-no-dac,CJC-1295 (no DAC) calculator · BACwater.ai,1,https://bacwater.ai/peptides/cjc-1295-no-dac,NOT TESTED in this live audit: shared browser approval blocked
https://bacwater.ai/calculate/cjc-1295-with-dac,200,https://bacwater.ai/calculate/cjc-1295-with-dac,CJC-1295 with DAC calculator · BACwater.ai,1,https://bacwater.ai/peptides/cjc-1295-with-dac,NOT TESTED in this live audit: shared browser approval blocked
https://bacwater.ai/calculate/custom,200,https://bacwater.ai/calculate/custom,Other / Custom calculator · BACwater.ai,1,https://bacwater.ai/peptides/custom,NOT TESTED in this live audit: shared browser approval blocked
https://bacwater.ai/calculate/epithalon,200,https://bacwater.ai/calculate/epithalon,Epithalon calculator · BACwater.ai,1,https://bacwater.ai/peptides/epithalon,NOT TESTED in this live audit: shared browser approval blocked
https://bacwater.ai/calculate/ghk-cu,200,https://bacwater.ai/calculate/ghk-cu,GHK-Cu calculator · BACwater.ai,1,https://bacwater.ai/peptides/ghk-cu,NOT TESTED in this live audit: shared browser approval blocked
https://bacwater.ai/calculate/glow-blend,200,https://bacwater.ai/calculate/product/glow,GLOW calculator · BACwater.ai,1,https://bacwater.ai/peptides/glow-blend,NOT TESTED in this live audit: shared browser approval blocked
https://bacwater.ai/calculate/hcg,200,https://bacwater.ai/calculate/hcg,HCG calculator · BACwater.ai,1,https://bacwater.ai/peptides/hcg,NOT TESTED in this live audit: shared browser approval blocked
https://bacwater.ai/calculate/hexarelin,200,https://bacwater.ai/calculate/hexarelin,Hexarelin calculator · BACwater.ai,1,https://bacwater.ai/peptides/hexarelin,NOT TESTED in this live audit: shared browser approval blocked
https://bacwater.ai/calculate/ipamorelin,200,https://bacwater.ai/calculate/ipamorelin,Ipamorelin calculator · BACwater.ai,1,https://bacwater.ai/peptides/ipamorelin,NOT TESTED in this live audit: shared browser approval blocked
https://bacwater.ai/calculate/kisspeptin-10,200,https://bacwater.ai/calculate/kisspeptin-10,Kisspeptin calculator · BACwater.ai,1,https://bacwater.ai/peptides/kisspeptin-10,NOT TESTED in this live audit: shared browser approval blocked
https://bacwater.ai/calculate/melanotan-2,200,https://bacwater.ai/calculate/melanotan-2,Melanotan II calculator · BACwater.ai,1,https://bacwater.ai/peptides/melanotan-2,NOT TESTED in this live audit: shared browser approval blocked
https://bacwater.ai/calculate/mots-c,200,https://bacwater.ai/calculate/mots-c,MOTS-C calculator · BACwater.ai,1,https://bacwater.ai/peptides/mots-c,NOT TESTED in this live audit: shared browser approval blocked
https://bacwater.ai/calculate/product/5-amino-1mq,200,https://bacwater.ai/calculate/product/5-amino-1mq,5-Amino-1MQ calculator · BACwater.ai,1,https://bacwater.ai/products/5-amino-1mq; https://bacwater.ai/,NOT TESTED in this live audit: shared browser approval blocked
https://bacwater.ai/calculate/product/adalank-spray,200,https://bacwater.ai/calculate/product/adalank-spray,Adalank Spray calculator · BACwater.ai,1,https://bacwater.ai/products/adalank-spray; https://bacwater.ai/,NOT TESTED in this live audit: shared browser approval blocked
https://bacwater.ai/calculate/product/adamax-spray,200,https://bacwater.ai/calculate/product/adamax-spray,Adamax Spray calculator · BACwater.ai,1,https://bacwater.ai/products/adamax-spray; https://bacwater.ai/,NOT TESTED in this live audit: shared browser approval blocked
https://bacwater.ai/calculate/product/ahk-cu,200,https://bacwater.ai/calculate/product/ahk-cu,AHK-Cu calculator · BACwater.ai,1,https://bacwater.ai/products/ahk-cu; https://bacwater.ai/,NOT TESTED in this live audit: shared browser approval blocked
https://bacwater.ai/calculate/product/amino-h2o,200,https://bacwater.ai/calculate/product/amino-h2o,BAC Water calculator · BACwater.ai,1,https://bacwater.ai/products/amino-h2o; https://bacwater.ai/; https://bacwater.ai/search,NOT TESTED in this live audit: shared browser approval blocked
https://bacwater.ai/calculate/product/aod-9604,200,https://bacwater.ai/calculate/product/aod-9604,AOD-9604 calculator · BACwater.ai,1,https://bacwater.ai/products/aod-9604; https://bacwater.ai/,NOT TESTED in this live audit: shared browser approval blocked
https://bacwater.ai/calculate/product/ara-290,200,https://bacwater.ai/calculate/product/ara-290,ARA-290 calculator · BACwater.ai,1,https://bacwater.ai/products/ara-290; https://bacwater.ai/,NOT TESTED in this live audit: shared browser approval blocked
https://bacwater.ai/calculate/product/bpc-157,200,https://bacwater.ai/calculate/product/bpc-157,BPC-157 calculator · BACwater.ai,1,https://bacwater.ai/products/bpc-157; https://bacwater.ai/; https://bacwater.ai/learn/how-to-reconstitute-bpc-157,NOT TESTED in this live audit: shared browser approval blocked
https://bacwater.ai/calculate/product/bpc-spray,200,https://bacwater.ai/calculate/product/bpc-spray,BPC-157 Spray calculator · BACwater.ai,1,https://bacwater.ai/products/bpc-spray; https://bacwater.ai/,NOT TESTED in this live audit: shared browser approval blocked
https://bacwater.ai/calculate/product/bpc-tb-spray,200,https://bacwater.ai/calculate/product/bpc-tb-spray,BPC-157/TB-500 Spray (Wolverine) calculator · BACwater.ai,1,https://bacwater.ai/products/bpc-tb-spray; https://bacwater.ai/,NOT TESTED in this live audit: shared browser approval blocked
https://bacwater.ai/calculate/product/cagrilintide,200,https://bacwater.ai/calculate/product/cagrilintide,Cagrilintide calculator · BACwater.ai,1,https://bacwater.ai/products/cagrilintide; https://bacwater.ai/,NOT TESTED in this live audit: shared browser approval blocked
https://bacwater.ai/calculate/product/cartalax,200,https://bacwater.ai/calculate/product/cartalax,Cartalax calculator · BACwater.ai,1,https://bacwater.ai/products/cartalax; https://bacwater.ai/,NOT TESTED in this live audit: shared browser approval blocked
https://bacwater.ai/calculate/product/cjc-ipa-no-dac,200,https://bacwater.ai/calculate/product/cjc-ipa-no-dac,CJC-1295 / Ipamorelin (No DAC) calculator · BACwater.ai,1,https://bacwater.ai/products/cjc-ipa-no-dac; https://bacwater.ai/,NOT TESTED in this live audit: shared browser approval blocked
https://bacwater.ai/calculate/product/dihexa,200,https://bacwater.ai/calculate/product/dihexa,Dihexa calculator · BACwater.ai,1,https://bacwater.ai/products/dihexa; https://bacwater.ai/,NOT TESTED in this live audit: shared browser approval blocked
https://bacwater.ai/calculate/product/dsip,200,https://bacwater.ai/calculate/product/dsip,DSIP calculator · BACwater.ai,1,https://bacwater.ai/products/dsip; https://bacwater.ai/,NOT TESTED in this live audit: shared browser approval blocked
https://bacwater.ai/calculate/product/dsip-spray,200,https://bacwater.ai/calculate/product/dsip-spray,DSIP Spray calculator · BACwater.ai,1,https://bacwater.ai/products/dsip-spray; https://bacwater.ai/,NOT TESTED in this live audit: shared browser approval blocked
https://bacwater.ai/calculate/product/epithalon,200,https://bacwater.ai/calculate/product/epithalon,Epithalon calculator · BACwater.ai,1,https://bacwater.ai/products/epithalon; https://bacwater.ai/,NOT TESTED in this live audit: shared browser approval blocked
https://bacwater.ai/calculate/product/ghk-cu,200,https://bacwater.ai/calculate/product/ghk-cu,GHK-Cu calculator · BACwater.ai,1,https://bacwater.ai/products/ghk-cu; https://bacwater.ai/,NOT TESTED in this live audit: shared browser approval blocked
https://bacwater.ai/calculate/product/ghkcu-spray,200,https://bacwater.ai/calculate/product/ghkcu-spray,GHK-Cu SPRAY calculator · BACwater.ai,1,https://bacwater.ai/products/ghkcu-spray; https://bacwater.ai/,NOT TESTED in this live audit: shared browser approval blocked
https://bacwater.ai/calculate/product/glow,200,https://bacwater.ai/calculate/product/glow,GLOW calculator · BACwater.ai,1,https://bacwater.ai/products/glow; https://bacwater.ai/,NOT TESTED in this live audit: shared browser approval blocked
https://bacwater.ai/calculate/product/glp-1,200,https://bacwater.ai/calculate/product/glp-1,GLP-1 (SM) calculator · BACwater.ai,1,https://bacwater.ai/products/glp-1; https://bacwater.ai/; https://bacwater.ai/search,NOT TESTED in this live audit: shared browser approval blocked
https://bacwater.ai/calculate/product/glp-2,200,https://bacwater.ai/calculate/product/glp-2,GLP-2 (TR) calculator · BACwater.ai,1,https://bacwater.ai/products/glp-2; https://bacwater.ai/; https://bacwater.ai/search,NOT TESTED in this live audit: shared browser approval blocked
https://bacwater.ai/calculate/product/glp-3,200,https://bacwater.ai/calculate/product/glp-3,GLP-3 (RT) calculator · BACwater.ai,1,https://bacwater.ai/products/glp-3; https://bacwater.ai/; https://bacwater.ai/search,NOT TESTED in this live audit: shared browser approval blocked
https://bacwater.ai/calculate/product/glutathione,200,https://bacwater.ai/calculate/product/glutathione,Glutathione calculator · BACwater.ai,1,https://bacwater.ai/products/glutathione; https://bacwater.ai/,NOT TESTED in this live audit: shared browser approval blocked
https://bacwater.ai/calculate/product/igf-1-lr3,200,https://bacwater.ai/calculate/product/igf-1-lr3,IGF-1 LR3 calculator · BACwater.ai,1,https://bacwater.ai/products/igf-1-lr3; https://bacwater.ai/,NOT TESTED in this live audit: shared browser approval blocked
https://bacwater.ai/calculate/product/ipamorelin,200,https://bacwater.ai/calculate/product/ipamorelin,Ipamorelin calculator · BACwater.ai,1,https://bacwater.ai/products/ipamorelin; https://bacwater.ai/,NOT TESTED in this live audit: shared browser approval blocked
https://bacwater.ai/calculate/product/kisspeptin,200,https://bacwater.ai/calculate/product/kisspeptin,Kisspeptin calculator · BACwater.ai,1,https://bacwater.ai/products/kisspeptin; https://bacwater.ai/,NOT TESTED in this live audit: shared browser approval blocked
https://bacwater.ai/calculate/product/klow,200,https://bacwater.ai/calculate/product/klow,KLOW calculator · BACwater.ai,1,https://bacwater.ai/products/klow; https://bacwater.ai/,NOT TESTED in this live audit: shared browser approval blocked
https://bacwater.ai/calculate/product/kpv,200,https://bacwater.ai/calculate/product/kpv,KPV calculator · BACwater.ai,1,https://bacwater.ai/products/kpv; https://bacwater.ai/,NOT TESTED in this live audit: shared browser approval blocked
https://bacwater.ai/calculate/product/ll-37,200,https://bacwater.ai/calculate/product/ll-37,LL-37 calculator · BACwater.ai,1,https://bacwater.ai/products/ll-37; https://bacwater.ai/,NOT TESTED in this live audit: shared browser approval blocked
https://bacwater.ai/calculate/product/melanotan-i,200,https://bacwater.ai/calculate/product/melanotan-i,Melanotan I calculator · BACwater.ai,1,https://bacwater.ai/products/melanotan-i; https://bacwater.ai/,NOT TESTED in this live audit: shared browser approval blocked
https://bacwater.ai/calculate/product/melanotan-ii,200,https://bacwater.ai/calculate/product/melanotan-ii,Melanotan II calculator · BACwater.ai,1,https://bacwater.ai/products/melanotan-ii; https://bacwater.ai/,NOT TESTED in this live audit: shared browser approval blocked
https://bacwater.ai/calculate/product/melanotan-ii-spray,200,https://bacwater.ai/calculate/product/melanotan-ii-spray,Melanotan II Spray calculator · BACwater.ai,1,https://bacwater.ai/products/melanotan-ii-spray; https://bacwater.ai/,NOT TESTED in this live audit: shared browser approval blocked
https://bacwater.ai/calculate/product/mots-c,200,https://bacwater.ai/calculate/product/mots-c,MOTS-C calculator · BACwater.ai,1,https://bacwater.ai/products/mots-c; https://bacwater.ai/,NOT TESTED in this live audit: shared browser approval blocked
https://bacwater.ai/calculate/product/nad-plus,200,https://bacwater.ai/calculate/product/nad-plus,NAD+ calculator · BACwater.ai,1,https://bacwater.ai/products/nad-plus; https://bacwater.ai/,NOT TESTED in this live audit: shared browser approval blocked
https://bacwater.ai/calculate/product/nad-plus-spray,200,https://bacwater.ai/calculate/product/nad-plus-spray,NAD+ SPRAY calculator · BACwater.ai,1,https://bacwater.ai/products/nad-plus-spray; https://bacwater.ai/,NOT TESTED in this live audit: shared browser approval blocked
https://bacwater.ai/calculate/product/pinealon,200,https://bacwater.ai/calculate/product/pinealon,Pinealon calculator · BACwater.ai,1,https://bacwater.ai/products/pinealon; https://bacwater.ai/,NOT TESTED in this live audit: shared browser approval blocked
https://bacwater.ai/calculate/product/pt-141,200,https://bacwater.ai/calculate/product/pt-141,PT-141 calculator · BACwater.ai,1,https://bacwater.ai/products/pt-141; https://bacwater.ai/,NOT TESTED in this live audit: shared browser approval blocked
https://bacwater.ai/calculate/product/pt-141-spray,200,https://bacwater.ai/calculate/product/pt-141-spray,PT-141 SPRAY calculator · BACwater.ai,1,https://bacwater.ai/products/pt-141-spray; https://bacwater.ai/,NOT TESTED in this live audit: shared browser approval blocked
https://bacwater.ai/calculate/product/selank,200,https://bacwater.ai/calculate/product/selank,SELANK calculator · BACwater.ai,1,https://bacwater.ai/products/selank; https://bacwater.ai/,NOT TESTED in this live audit: shared browser approval blocked
https://bacwater.ai/calculate/product/selank-spray,200,https://bacwater.ai/calculate/product/selank-spray,SELANK SPRAY calculator · BACwater.ai,1,https://bacwater.ai/products/selank-spray; https://bacwater.ai/,NOT TESTED in this live audit: shared browser approval blocked
https://bacwater.ai/calculate/product/semax,200,https://bacwater.ai/calculate/product/semax,SEMAX calculator · BACwater.ai,1,https://bacwater.ai/products/semax; https://bacwater.ai/,NOT TESTED in this live audit: shared browser approval blocked
https://bacwater.ai/calculate/product/semax-spray,200,https://bacwater.ai/calculate/product/semax-spray,SEMAX SPRAY calculator · BACwater.ai,1,https://bacwater.ai/products/semax-spray; https://bacwater.ai/,NOT TESTED in this live audit: shared browser approval blocked
https://bacwater.ai/calculate/product/sermorelin,200,https://bacwater.ai/calculate/product/sermorelin,Sermorelin calculator · BACwater.ai,1,https://bacwater.ai/products/sermorelin; https://bacwater.ai/,NOT TESTED in this live audit: shared browser approval blocked
https://bacwater.ai/calculate/product/snap-8,200,https://bacwater.ai/calculate/product/snap-8,SNAP-8 calculator · BACwater.ai,1,https://bacwater.ai/products/snap-8; https://bacwater.ai/,NOT TESTED in this live audit: shared browser approval blocked
https://bacwater.ai/calculate/product/tb-500,200,https://bacwater.ai/calculate/product/tb-500,TB-500 calculator · BACwater.ai,1,https://bacwater.ai/products/tb-500; https://bacwater.ai/,NOT TESTED in this live audit: shared browser approval blocked
https://bacwater.ai/calculate/product/tesamorlin,200,https://bacwater.ai/calculate/product/tesamorlin,Tesamorlin calculator · BACwater.ai,1,https://bacwater.ai/products/tesamorlin; https://bacwater.ai/,NOT TESTED in this live audit: shared browser approval blocked
https://bacwater.ai/calculate/product/thymosin-alpha-1,200,https://bacwater.ai/calculate/product/thymosin-alpha-1,Thymosin Alpha-1 calculator · BACwater.ai,1,https://bacwater.ai/products/thymosin-alpha-1; https://bacwater.ai/,NOT TESTED in this live audit: shared browser approval blocked
https://bacwater.ai/calculate/product/vip,200,https://bacwater.ai/calculate/product/vip,VIP calculator · BACwater.ai,1,https://bacwater.ai/products/vip; https://bacwater.ai/,NOT TESTED in this live audit: shared browser approval blocked
https://bacwater.ai/calculate/product/wolverine-stack,200,https://bacwater.ai/calculate/product/wolverine-stack,BPC-157/TB-500 (Wolverine) calculator · BACwater.ai,1,https://bacwater.ai/products/wolverine-stack; https://bacwater.ai/,NOT TESTED in this live audit: shared browser approval blocked
https://bacwater.ai/calculate/pt-141,200,https://bacwater.ai/calculate/pt-141,PT-141 calculator · BACwater.ai,1,https://bacwater.ai/peptides/pt-141,NOT TESTED in this live audit: shared browser approval blocked
https://bacwater.ai/calculate/retatrutide,200,https://bacwater.ai/calculate/retatrutide,GLP-3 (RT) calculator · BACwater.ai,1,https://bacwater.ai/peptides/retatrutide,NOT TESTED in this live audit: shared browser approval blocked
https://bacwater.ai/calculate/selank,200,https://bacwater.ai/calculate/selank,SELANK calculator · BACwater.ai,1,https://bacwater.ai/peptides/selank,NOT TESTED in this live audit: shared browser approval blocked
https://bacwater.ai/calculate/semaglutide,200,https://bacwater.ai/calculate/semaglutide,GLP-1 (SM) calculator · BACwater.ai,1,https://bacwater.ai/peptides/semaglutide,NOT TESTED in this live audit: shared browser approval blocked
https://bacwater.ai/calculate/semax,200,https://bacwater.ai/calculate/semax,SEMAX calculator · BACwater.ai,1,https://bacwater.ai/peptides/semax,NOT TESTED in this live audit: shared browser approval blocked
https://bacwater.ai/calculate/sermorelin,200,https://bacwater.ai/calculate/sermorelin,Sermorelin calculator · BACwater.ai,1,https://bacwater.ai/peptides/sermorelin,NOT TESTED in this live audit: shared browser approval blocked
https://bacwater.ai/calculate/ss-31,200,https://bacwater.ai/calculate/ss-31,SS-31 calculator · BACwater.ai,1,https://bacwater.ai/peptides/ss-31,NOT TESTED in this live audit: shared browser approval blocked
https://bacwater.ai/calculate/tb-500,200,https://bacwater.ai/calculate/tb-500,TB-500 calculator · BACwater.ai,1,https://bacwater.ai/peptides/tb-500,NOT TESTED in this live audit: shared browser approval blocked
https://bacwater.ai/calculate/tirzepatide,200,https://bacwater.ai/calculate/tirzepatide,GLP-2 (TR) calculator · BACwater.ai,1,https://bacwater.ai/peptides/tirzepatide,NOT TESTED in this live audit: shared browser approval blocked
https://bacwater.ai/compare-calculators,200,https://bacwater.ai/compare-calculators,Compare Peptide Calculators: Features and Limits | BACwater.ai,1,sitemap; https://bacwater.ai/sitemap; https://bacwater.ai/tools; https://bacwater.ai/tools/vial-labels,NOT TESTED in this live audit: shared browser approval blocked
https://bacwater.ai/contact,200,https://bacwater.ai/contact,Contact BACwater.ai: Calculator and Account Help,1,sitemap; https://bacwater.ai/research-finder; https://bacwater.ai/products/amino-h2o; https://bacwater.ai/products/glp-1; https://bacwater.ai/products/glp-2; https://bacwater.ai/products/glp-3; https://bacwater.ai/products/bpc-157; https://bacwater.ai/products/ghk-cu; https://bacwater.ai/products/tb-500; https://bacwater.ai/products/tesamorlin; https://bacwater.ai/products/mots-c; https://bacwater.ai/products/nad-plus; https://bacwater.ai/products/cjc-ipa-no-dac; https://bacwater.ai/products/kpv; https://bacwater.ai/products/klow; https://bacwater.ai/products/semax; https://bacwater.ai/products/glutathione; https://bacwater.ai/products/melanotan-ii; https://bacwater.ai/products/glow; https://bacwater.ai/products/selank; https://bacwater.ai/products/melanotan-i; https://bacwater.ai/products/igf-1-lr3; https://bacwater.ai/products/5-amino-1mq; https://bacwater.ai/products/wolverine-stack; https://bacwater.ai/products/pt-141; https://bacwater.ai/products/cagrilintide; https://bacwater.ai/products/aod-9604; https://bacwater.ai/products/dsip; https://bacwater.ai/products/epithalon; https://bacwater.ai/products/ipamorelin; https://bacwater.ai/products/snap-8; https://bacwater.ai/products/thymosin-alpha-1; https://bacwater.ai/products/ghkcu-spray; https://bacwater.ai/products/nad-plus-spray; https://bacwater.ai/products/semax-spray; https://bacwater.ai/products/selank-spray; https://bacwater.ai/products/pt-141-spray; https://bacwater.ai/products/melanotan-ii-spray; https://bacwater.ai/products/ll-37; https://bacwater.ai/products/cartalax; https://bacwater.ai/products/sermorelin; https://bacwater.ai/products/kisspeptin; https://bacwater.ai/products/dihexa; https://bacwater.ai/products/vip; https://bacwater.ai/products/ara-290; https://bacwater.ai/products/dsip-spray; https://bacwater.ai/products/adalank-spray; https://bacwater.ai/products/adamax-spray; https://bacwater.ai/products/bpc-tb-spray; https://bacwater.ai/products/bpc-spray; https://bacwater.ai/products/pinealon; https://bacwater.ai/products/ahk-cu; https://bacwater.ai/share-tools; https://bacwater.ai/recommendations; https://bacwater.ai/embed; https://bacwater.ai/methodology; https://bacwater.ai/compare-calculators; https://bacwater.ai/; https://bacwater.ai/peptide-calculator; https://bacwater.ai/plan; https://bacwater.ai/peptides; https://bacwater.ai/peptides/compare; https://bacwater.ai/learn; https://bacwater.ai/faq; https://bacwater.ai/sitemap; https://bacwater.ai/tools; https://bacwater.ai/tools/bac-water; https://bacwater.ai/tools/dose; https://bacwater.ai/tools/syringe-units; https://bacwater.ai/tools/mg-to-mcg; https://bacwater.ai/tools/supplies; https://bacwater.ai/tools/reverse-bac; https://bacwater.ai/tools/vial-labels; https://bacwater.ai/learn/glossary; https://bacwater.ai/learn/bac-water-shelf-life; https://bacwater.ai/learn/where-to-buy-bacteriostatic-water; https://bacwater.ai/learn/bac-water-for-peptides; https://bacwater.ai/learn/what-you-cannot-know; https://bacwater.ai/about; https://bacwater.ai/contact; https://bacwater.ai/editorial-policy; https://bacwater.ai/preferred-source; https://bacwater.ai/terms; https://bacwater.ai/privacy; https://bacwater.ai/disclaimer; https://bacwater.ai/peptides/bpc-157; https://bacwater.ai/peptides/tb-500; https://bacwater.ai/peptides/ipamorelin; https://bacwater.ai/peptides/cjc-1295-no-dac; https://bacwater.ai/peptides/cjc-1295-with-dac; https://bacwater.ai/peptides/sermorelin; https://bacwater.ai/peptides/hexarelin; https://bacwater.ai/peptides/semaglutide; https://bacwater.ai/peptides/tirzepatide; https://bacwater.ai/peptides/retatrutide; https://bacwater.ai/peptides/cagrilintide; https://bacwater.ai/peptides/mots-c; https://bacwater.ai/peptides/epithalon; https://bacwater.ai/peptides/ghk-cu; https://bacwater.ai/peptides/melanotan-2; https://bacwater.ai/peptides/ss-31; https://bacwater.ai/peptides/selank; https://bacwater.ai/peptides/semax; https://bacwater.ai/peptides/aod-9604; https://bacwater.ai/peptides/kisspeptin-10; https://bacwater.ai/peptides/pt-141; https://bacwater.ai/peptides/hcg; https://bacwater.ai/peptides/glow-blend; https://bacwater.ai/peptides/custom; https://bacwater.ai/learn/vs/sterile-water; https://bacwater.ai/learn/vs/saline; https://bacwater.ai/learn/vs/sodium-chloride; https://bacwater.ai/learn/vs/distilled-water; https://bacwater.ai/learn/vs/benzyl-alcohol; https://bacwater.ai/learn/vs/acetic-acid; https://bacwater.ai/learn/vs/reconstitution-solution; https://bacwater.ai/learn/what-syringe-units-mean; https://bacwater.ai/learn/how-peptide-reconstitution-works; https://bacwater.ai/learn/how-to-read-a-peptide-vial; https://bacwater.ai/learn/how-to-reconstitute-tirzepatide; https://bacwater.ai/learn/how-to-read-an-insulin-syringe; https://bacwater.ai/learn/peptide-reconstitution-chart; https://bacwater.ai/learn/insulin-syringe-sizes; https://bacwater.ai/learn/too-much-bac-water; https://bacwater.ai/learn/how-to-reconstitute-bpc-157; https://bacwater.ai/learn/what-is-bac-water; https://bacwater.ai/learn/how-to-use-an-insulin-syringe; https://bacwater.ai/learn/how-to-store-reconstituted-peptides; https://bacwater.ai/learn/common-mistakes-to-avoid; https://bacwater.ai/learn/how-to-reconstitute-semaglutide; https://bacwater.ai/learn?type=guide; https://bacwater.ai/learn?type=peptide-guide; https://bacwater.ai/learn?type=comparison; https://bacwater.ai/learn?topic=dosage; https://bacwater.ai/learn?topic=storage; https://bacwater.ai/learn?topic=safety; https://bacwater.ai/learn?topic=ingredients; https://bacwater.ai/learn?topic=injection-supplies; https://bacwater.ai/learn?topic=reconstitution-method; https://bacwater.ai/learn?peptide=bpc-157; https://bacwater.ai/learn?peptide=tb-500; https://bacwater.ai/learn?peptide=ipamorelin; https://bacwater.ai/learn?peptide=cjc-1295-no-dac; https://bacwater.ai/learn?peptide=cjc-1295-with-dac; https://bacwater.ai/learn?peptide=sermorelin; https://bacwater.ai/learn?peptide=hexarelin; https://bacwater.ai/learn?peptide=semaglutide; https://bacwater.ai/learn?peptide=tirzepatide; https://bacwater.ai/learn?peptide=retatrutide; https://bacwater.ai/learn?peptide=cagrilintide; https://bacwater.ai/learn?peptide=mots-c; https://bacwater.ai/learn?peptide=epithalon; https://bacwater.ai/learn?peptide=ghk-cu; https://bacwater.ai/learn?peptide=melanotan-2; https://bacwater.ai/learn?peptide=ss-31; https://bacwater.ai/learn?peptide=selank; https://bacwater.ai/learn?peptide=semax; https://bacwater.ai/learn?peptide=aod-9604; https://bacwater.ai/learn?peptide=kisspeptin-10; https://bacwater.ai/learn?peptide=pt-141; https://bacwater.ai/learn?peptide=hcg; https://bacwater.ai/learn?peptide=glow-blend; https://bacwater.ai/learn?peptide=custom; https://bacwater.ai/search; https://bacwater.ai/signin; https://bacwater.ai/signup; https://bacwater.ai/plans; https://bacwater.ai/plans/labels; https://bacwater.ai/plan/new; https://bacwater.ai/forgot-password; https://bacwater.ai/reset-password; https://bacwater.ai/calculate/product/amino-h2o; https://bacwater.ai/calculate/product/glp-1; https://bacwater.ai/calculate/product/glp-2; https://bacwater.ai/calculate/product/glp-3; https://bacwater.ai/calculate/product/bpc-157; https://bacwater.ai/calculate/product/ghk-cu; https://bacwater.ai/calculate/product/tb-500; https://bacwater.ai/calculate/product/tesamorlin; https://bacwater.ai/calculate/product/mots-c; https://bacwater.ai/calculate/product/nad-plus; https://bacwater.ai/calculate/product/cjc-ipa-no-dac; https://bacwater.ai/calculate/product/kpv; https://bacwater.ai/calculate/product/klow; https://bacwater.ai/calculate/product/semax; https://bacwater.ai/calculate/product/glutathione; https://bacwater.ai/calculate/product/melanotan-ii; https://bacwater.ai/calculate/product/glow; https://bacwater.ai/calculate/product/selank; https://bacwater.ai/calculate/product/melanotan-i; https://bacwater.ai/calculate/product/igf-1-lr3; https://bacwater.ai/calculate/product/5-amino-1mq; https://bacwater.ai/calculate/product/wolverine-stack; https://bacwater.ai/calculate/product/pt-141; https://bacwater.ai/calculate/product/cagrilintide; https://bacwater.ai/calculate/product/aod-9604; https://bacwater.ai/calculate/product/dsip; https://bacwater.ai/calculate/product/epithalon; https://bacwater.ai/calculate/product/ipamorelin; https://bacwater.ai/calculate/product/snap-8; https://bacwater.ai/calculate/product/thymosin-alpha-1; https://bacwater.ai/calculate/product/ghkcu-spray; https://bacwater.ai/calculate/product/nad-plus-spray; https://bacwater.ai/calculate/product/semax-spray; https://bacwater.ai/calculate/product/selank-spray; https://bacwater.ai/calculate/product/pt-141-spray; https://bacwater.ai/calculate/product/melanotan-ii-spray; https://bacwater.ai/calculate/product/ll-37; https://bacwater.ai/calculate/product/cartalax; https://bacwater.ai/calculate/product/sermorelin; https://bacwater.ai/calculate/product/kisspeptin; https://bacwater.ai/calculate/product/dihexa; https://bacwater.ai/calculate/product/vip; https://bacwater.ai/calculate/product/ara-290; https://bacwater.ai/calculate/product/dsip-spray; https://bacwater.ai/calculate/product/adalank-spray; https://bacwater.ai/calculate/product/adamax-spray; https://bacwater.ai/calculate/product/bpc-tb-spray; https://bacwater.ai/calculate/product/bpc-spray; https://bacwater.ai/calculate/product/pinealon; https://bacwater.ai/calculate/product/ahk-cu; https://bacwater.ai/learn?type=faq; https://bacwater.ai/learn?type=buying-guide; https://bacwater.ai/learn?type=safety; https://bacwater.ai/learn?topic=where-to-buy; https://bacwater.ai/calculate/bpc-157; https://bacwater.ai/calculate/tb-500; https://bacwater.ai/calculate/ipamorelin; https://bacwater.ai/calculate/cjc-1295-no-dac; https://bacwater.ai/calculate/cjc-1295-with-dac; https://bacwater.ai/calculate/sermorelin; https://bacwater.ai/calculate/hexarelin; https://bacwater.ai/calculate/semaglutide; https://bacwater.ai/calculate/tirzepatide; https://bacwater.ai/calculate/retatrutide; https://bacwater.ai/calculate/cagrilintide; https://bacwater.ai/calculate/mots-c; https://bacwater.ai/calculate/epithalon; https://bacwater.ai/calculate/ghk-cu; https://bacwater.ai/calculate/melanotan-2; https://bacwater.ai/calculate/ss-31; https://bacwater.ai/calculate/selank; https://bacwater.ai/calculate/semax; https://bacwater.ai/calculate/aod-9604; https://bacwater.ai/calculate/kisspeptin-10; https://bacwater.ai/calculate/pt-141; https://bacwater.ai/calculate/hcg; https://bacwater.ai/calculate/glow-blend; https://bacwater.ai/calculate/custom,NOT TESTED in this live audit: shared browser approval blocked
https://bacwater.ai/disclaimer,200,https://bacwater.ai/disclaimer,BACwater.ai Disclaimer and Calculation Limits,1,sitemap; https://bacwater.ai/research-finder; https://bacwater.ai/products/amino-h2o; https://bacwater.ai/products/glp-1; https://bacwater.ai/products/glp-2; https://bacwater.ai/products/glp-3; https://bacwater.ai/products/bpc-157; https://bacwater.ai/products/ghk-cu; https://bacwater.ai/products/tb-500; https://bacwater.ai/products/tesamorlin; https://bacwater.ai/products/mots-c; https://bacwater.ai/products/nad-plus; https://bacwater.ai/products/cjc-ipa-no-dac; https://bacwater.ai/products/kpv; https://bacwater.ai/products/klow; https://bacwater.ai/products/semax; https://bacwater.ai/products/glutathione; https://bacwater.ai/products/melanotan-ii; https://bacwater.ai/products/glow; https://bacwater.ai/products/selank; https://bacwater.ai/products/melanotan-i; https://bacwater.ai/products/igf-1-lr3; https://bacwater.ai/products/5-amino-1mq; https://bacwater.ai/products/wolverine-stack; https://bacwater.ai/products/pt-141; https://bacwater.ai/products/cagrilintide; https://bacwater.ai/products/aod-9604; https://bacwater.ai/products/dsip; https://bacwater.ai/products/epithalon; https://bacwater.ai/products/ipamorelin; https://bacwater.ai/products/snap-8; https://bacwater.ai/products/thymosin-alpha-1; https://bacwater.ai/products/ghkcu-spray; https://bacwater.ai/products/nad-plus-spray; https://bacwater.ai/products/semax-spray; https://bacwater.ai/products/selank-spray; https://bacwater.ai/products/pt-141-spray; https://bacwater.ai/products/melanotan-ii-spray; https://bacwater.ai/products/ll-37; https://bacwater.ai/products/cartalax; https://bacwater.ai/products/sermorelin; https://bacwater.ai/products/kisspeptin; https://bacwater.ai/products/dihexa; https://bacwater.ai/products/vip; https://bacwater.ai/products/ara-290; https://bacwater.ai/products/dsip-spray; https://bacwater.ai/products/adalank-spray; https://bacwater.ai/products/adamax-spray; https://bacwater.ai/products/bpc-tb-spray; https://bacwater.ai/products/bpc-spray; https://bacwater.ai/products/pinealon; https://bacwater.ai/products/ahk-cu; https://bacwater.ai/share-tools; https://bacwater.ai/recommendations; https://bacwater.ai/embed; https://bacwater.ai/methodology; https://bacwater.ai/compare-calculators; https://bacwater.ai/; https://bacwater.ai/peptides; https://bacwater.ai/peptides/compare; https://bacwater.ai/learn; https://bacwater.ai/faq; https://bacwater.ai/sitemap; https://bacwater.ai/tools; https://bacwater.ai/tools/vial-labels; https://bacwater.ai/learn/glossary; https://bacwater.ai/learn/bac-water-shelf-life; https://bacwater.ai/learn/where-to-buy-bacteriostatic-water; https://bacwater.ai/learn/bac-water-for-peptides; https://bacwater.ai/learn/what-you-cannot-know; https://bacwater.ai/about; https://bacwater.ai/contact; https://bacwater.ai/editorial-policy; https://bacwater.ai/preferred-source; https://bacwater.ai/terms; https://bacwater.ai/privacy; https://bacwater.ai/disclaimer; https://bacwater.ai/peptides/bpc-157; https://bacwater.ai/peptides/tb-500; https://bacwater.ai/peptides/ipamorelin; https://bacwater.ai/peptides/cjc-1295-no-dac; https://bacwater.ai/peptides/cjc-1295-with-dac; https://bacwater.ai/peptides/sermorelin; https://bacwater.ai/peptides/hexarelin; https://bacwater.ai/peptides/semaglutide; https://bacwater.ai/peptides/tirzepatide; https://bacwater.ai/peptides/retatrutide; https://bacwater.ai/peptides/cagrilintide; https://bacwater.ai/peptides/mots-c; https://bacwater.ai/peptides/epithalon; https://bacwater.ai/peptides/ghk-cu; https://bacwater.ai/peptides/melanotan-2; https://bacwater.ai/peptides/ss-31; https://bacwater.ai/peptides/selank; https://bacwater.ai/peptides/semax; https://bacwater.ai/peptides/aod-9604; https://bacwater.ai/peptides/kisspeptin-10; https://bacwater.ai/peptides/pt-141; https://bacwater.ai/peptides/hcg; https://bacwater.ai/peptides/glow-blend; https://bacwater.ai/peptides/custom; https://bacwater.ai/learn/vs/sterile-water; https://bacwater.ai/learn/vs/saline; https://bacwater.ai/learn/vs/sodium-chloride; https://bacwater.ai/learn/vs/distilled-water; https://bacwater.ai/learn/vs/benzyl-alcohol; https://bacwater.ai/learn/vs/acetic-acid; https://bacwater.ai/learn/vs/reconstitution-solution; https://bacwater.ai/learn/what-syringe-units-mean; https://bacwater.ai/learn/how-peptide-reconstitution-works; https://bacwater.ai/learn/how-to-read-a-peptide-vial; https://bacwater.ai/learn/how-to-reconstitute-tirzepatide; https://bacwater.ai/learn/how-to-read-an-insulin-syringe; https://bacwater.ai/learn/peptide-reconstitution-chart; https://bacwater.ai/learn/insulin-syringe-sizes; https://bacwater.ai/learn/too-much-bac-water; https://bacwater.ai/learn/how-to-reconstitute-bpc-157; https://bacwater.ai/learn/what-is-bac-water; https://bacwater.ai/learn/how-to-use-an-insulin-syringe; https://bacwater.ai/learn/how-to-store-reconstituted-peptides; https://bacwater.ai/learn/common-mistakes-to-avoid; https://bacwater.ai/learn/how-to-reconstitute-semaglutide; https://bacwater.ai/learn?type=guide; https://bacwater.ai/learn?type=peptide-guide; https://bacwater.ai/learn?type=comparison; https://bacwater.ai/learn?topic=dosage; https://bacwater.ai/learn?topic=storage; https://bacwater.ai/learn?topic=safety; https://bacwater.ai/learn?topic=ingredients; https://bacwater.ai/learn?topic=injection-supplies; https://bacwater.ai/learn?topic=reconstitution-method; https://bacwater.ai/learn?peptide=bpc-157; https://bacwater.ai/learn?peptide=tb-500; https://bacwater.ai/learn?peptide=ipamorelin; https://bacwater.ai/learn?peptide=cjc-1295-no-dac; https://bacwater.ai/learn?peptide=cjc-1295-with-dac; https://bacwater.ai/learn?peptide=sermorelin; https://bacwater.ai/learn?peptide=hexarelin; https://bacwater.ai/learn?peptide=semaglutide; https://bacwater.ai/learn?peptide=tirzepatide; https://bacwater.ai/learn?peptide=retatrutide; https://bacwater.ai/learn?peptide=cagrilintide; https://bacwater.ai/learn?peptide=mots-c; https://bacwater.ai/learn?peptide=epithalon; https://bacwater.ai/learn?peptide=ghk-cu; https://bacwater.ai/learn?peptide=melanotan-2; https://bacwater.ai/learn?peptide=ss-31; https://bacwater.ai/learn?peptide=selank; https://bacwater.ai/learn?peptide=semax; https://bacwater.ai/learn?peptide=aod-9604; https://bacwater.ai/learn?peptide=kisspeptin-10; https://bacwater.ai/learn?peptide=pt-141; https://bacwater.ai/learn?peptide=hcg; https://bacwater.ai/learn?peptide=glow-blend; https://bacwater.ai/learn?peptide=custom; https://bacwater.ai/search; https://bacwater.ai/signin; https://bacwater.ai/signup; https://bacwater.ai/plans; https://bacwater.ai/plans/labels; https://bacwater.ai/forgot-password; https://bacwater.ai/reset-password; https://bacwater.ai/learn?type=faq; https://bacwater.ai/learn?type=buying-guide; https://bacwater.ai/learn?type=safety; https://bacwater.ai/learn?topic=where-to-buy,NOT TESTED in this live audit: shared browser approval blocked
https://bacwater.ai/editorial-policy,200,https://bacwater.ai/editorial-policy,Editorial Policy: Sources and Corrections | BACwater.ai,1,sitemap; https://bacwater.ai/research-finder; https://bacwater.ai/products/amino-h2o; https://bacwater.ai/products/glp-1; https://bacwater.ai/products/glp-2; https://bacwater.ai/products/glp-3; https://bacwater.ai/products/bpc-157; https://bacwater.ai/products/ghk-cu; https://bacwater.ai/products/tb-500; https://bacwater.ai/products/tesamorlin; https://bacwater.ai/products/mots-c; https://bacwater.ai/products/nad-plus; https://bacwater.ai/products/cjc-ipa-no-dac; https://bacwater.ai/products/kpv; https://bacwater.ai/products/klow; https://bacwater.ai/products/semax; https://bacwater.ai/products/glutathione; https://bacwater.ai/products/melanotan-ii; https://bacwater.ai/products/glow; https://bacwater.ai/products/selank; https://bacwater.ai/products/melanotan-i; https://bacwater.ai/products/igf-1-lr3; https://bacwater.ai/products/5-amino-1mq; https://bacwater.ai/products/wolverine-stack; https://bacwater.ai/products/pt-141; https://bacwater.ai/products/cagrilintide; https://bacwater.ai/products/aod-9604; https://bacwater.ai/products/dsip; https://bacwater.ai/products/epithalon; https://bacwater.ai/products/ipamorelin; https://bacwater.ai/products/snap-8; https://bacwater.ai/products/thymosin-alpha-1; https://bacwater.ai/products/ghkcu-spray; https://bacwater.ai/products/nad-plus-spray; https://bacwater.ai/products/semax-spray; https://bacwater.ai/products/selank-spray; https://bacwater.ai/products/pt-141-spray; https://bacwater.ai/products/melanotan-ii-spray; https://bacwater.ai/products/ll-37; https://bacwater.ai/products/cartalax; https://bacwater.ai/products/sermorelin; https://bacwater.ai/products/kisspeptin; https://bacwater.ai/products/dihexa; https://bacwater.ai/products/vip; https://bacwater.ai/products/ara-290; https://bacwater.ai/products/dsip-spray; https://bacwater.ai/products/adalank-spray; https://bacwater.ai/products/adamax-spray; https://bacwater.ai/products/bpc-tb-spray; https://bacwater.ai/products/bpc-spray; https://bacwater.ai/products/pinealon; https://bacwater.ai/products/ahk-cu; https://bacwater.ai/share-tools; https://bacwater.ai/recommendations; https://bacwater.ai/embed; https://bacwater.ai/methodology; https://bacwater.ai/compare-calculators; https://bacwater.ai/; https://bacwater.ai/peptides; https://bacwater.ai/peptides/compare; https://bacwater.ai/learn; https://bacwater.ai/faq; https://bacwater.ai/sitemap; https://bacwater.ai/tools; https://bacwater.ai/tools/vial-labels; https://bacwater.ai/learn/glossary; https://bacwater.ai/learn/bac-water-shelf-life; https://bacwater.ai/learn/where-to-buy-bacteriostatic-water; https://bacwater.ai/learn/bac-water-for-peptides; https://bacwater.ai/learn/what-you-cannot-know; https://bacwater.ai/about; https://bacwater.ai/contact; https://bacwater.ai/editorial-policy; https://bacwater.ai/preferred-source; https://bacwater.ai/terms; https://bacwater.ai/privacy; https://bacwater.ai/disclaimer; https://bacwater.ai/peptides/bpc-157; https://bacwater.ai/peptides/tb-500; https://bacwater.ai/peptides/ipamorelin; https://bacwater.ai/peptides/cjc-1295-no-dac; https://bacwater.ai/peptides/cjc-1295-with-dac; https://bacwater.ai/peptides/sermorelin; https://bacwater.ai/peptides/hexarelin; https://bacwater.ai/peptides/semaglutide; https://bacwater.ai/peptides/tirzepatide; https://bacwater.ai/peptides/retatrutide; https://bacwater.ai/peptides/cagrilintide; https://bacwater.ai/peptides/mots-c; https://bacwater.ai/peptides/epithalon; https://bacwater.ai/peptides/ghk-cu; https://bacwater.ai/peptides/melanotan-2; https://bacwater.ai/peptides/ss-31; https://bacwater.ai/peptides/selank; https://bacwater.ai/peptides/semax; https://bacwater.ai/peptides/aod-9604; https://bacwater.ai/peptides/kisspeptin-10; https://bacwater.ai/peptides/pt-141; https://bacwater.ai/peptides/hcg; https://bacwater.ai/peptides/glow-blend; https://bacwater.ai/peptides/custom; https://bacwater.ai/learn/vs/sterile-water; https://bacwater.ai/learn/vs/saline; https://bacwater.ai/learn/vs/sodium-chloride; https://bacwater.ai/learn/vs/distilled-water; https://bacwater.ai/learn/vs/benzyl-alcohol; https://bacwater.ai/learn/vs/acetic-acid; https://bacwater.ai/learn/vs/reconstitution-solution; https://bacwater.ai/learn/what-syringe-units-mean; https://bacwater.ai/learn/how-peptide-reconstitution-works; https://bacwater.ai/learn/how-to-read-a-peptide-vial; https://bacwater.ai/learn/how-to-reconstitute-tirzepatide; https://bacwater.ai/learn/how-to-read-an-insulin-syringe; https://bacwater.ai/learn/peptide-reconstitution-chart; https://bacwater.ai/learn/insulin-syringe-sizes; https://bacwater.ai/learn/too-much-bac-water; https://bacwater.ai/learn/how-to-reconstitute-bpc-157; https://bacwater.ai/learn/what-is-bac-water; https://bacwater.ai/learn/how-to-use-an-insulin-syringe; https://bacwater.ai/learn/how-to-store-reconstituted-peptides; https://bacwater.ai/learn/common-mistakes-to-avoid; https://bacwater.ai/learn/how-to-reconstitute-semaglutide; https://bacwater.ai/learn?type=guide; https://bacwater.ai/learn?type=peptide-guide; https://bacwater.ai/learn?type=comparison; https://bacwater.ai/learn?topic=dosage; https://bacwater.ai/learn?topic=storage; https://bacwater.ai/learn?topic=safety; https://bacwater.ai/learn?topic=ingredients; https://bacwater.ai/learn?topic=injection-supplies; https://bacwater.ai/learn?topic=reconstitution-method; https://bacwater.ai/learn?peptide=bpc-157; https://bacwater.ai/learn?peptide=tb-500; https://bacwater.ai/learn?peptide=ipamorelin; https://bacwater.ai/learn?peptide=cjc-1295-no-dac; https://bacwater.ai/learn?peptide=cjc-1295-with-dac; https://bacwater.ai/learn?peptide=sermorelin; https://bacwater.ai/learn?peptide=hexarelin; https://bacwater.ai/learn?peptide=semaglutide; https://bacwater.ai/learn?peptide=tirzepatide; https://bacwater.ai/learn?peptide=retatrutide; https://bacwater.ai/learn?peptide=cagrilintide; https://bacwater.ai/learn?peptide=mots-c; https://bacwater.ai/learn?peptide=epithalon; https://bacwater.ai/learn?peptide=ghk-cu; https://bacwater.ai/learn?peptide=melanotan-2; https://bacwater.ai/learn?peptide=ss-31; https://bacwater.ai/learn?peptide=selank; https://bacwater.ai/learn?peptide=semax; https://bacwater.ai/learn?peptide=aod-9604; https://bacwater.ai/learn?peptide=kisspeptin-10; https://bacwater.ai/learn?peptide=pt-141; https://bacwater.ai/learn?peptide=hcg; https://bacwater.ai/learn?peptide=glow-blend; https://bacwater.ai/learn?peptide=custom; https://bacwater.ai/search; https://bacwater.ai/signin; https://bacwater.ai/signup; https://bacwater.ai/plans; https://bacwater.ai/plans/labels; https://bacwater.ai/forgot-password; https://bacwater.ai/reset-password; https://bacwater.ai/learn?type=faq; https://bacwater.ai/learn?type=buying-guide; https://bacwater.ai/learn?type=safety; https://bacwater.ai/learn?topic=where-to-buy,NOT TESTED in this live audit: shared browser approval blocked
https://bacwater.ai/embed,200,https://bacwater.ai/embed,Embed a Free BAC Water Calculator on Your Site | BACwater.ai,1,sitemap; https://bacwater.ai/sitemap; https://bacwater.ai/tools,NOT TESTED in this live audit: shared browser approval blocked
https://bacwater.ai/faq,200,https://bacwater.ai/faq,"BAC Water FAQ: Ingredients, Storage and Math | BACwater.ai",1,sitemap; https://bacwater.ai/research-finder; https://bacwater.ai/products/amino-h2o; https://bacwater.ai/products/glp-1; https://bacwater.ai/products/glp-2; https://bacwater.ai/products/glp-3; https://bacwater.ai/products/bpc-157; https://bacwater.ai/products/ghk-cu; https://bacwater.ai/products/tb-500; https://bacwater.ai/products/tesamorlin; https://bacwater.ai/products/mots-c; https://bacwater.ai/products/nad-plus; https://bacwater.ai/products/cjc-ipa-no-dac; https://bacwater.ai/products/kpv; https://bacwater.ai/products/klow; https://bacwater.ai/products/semax; https://bacwater.ai/products/glutathione; https://bacwater.ai/products/melanotan-ii; https://bacwater.ai/products/glow; https://bacwater.ai/products/selank; https://bacwater.ai/products/melanotan-i; https://bacwater.ai/products/igf-1-lr3; https://bacwater.ai/products/5-amino-1mq; https://bacwater.ai/products/wolverine-stack; https://bacwater.ai/products/pt-141; https://bacwater.ai/products/cagrilintide; https://bacwater.ai/products/aod-9604; https://bacwater.ai/products/dsip; https://bacwater.ai/products/epithalon; https://bacwater.ai/products/ipamorelin; https://bacwater.ai/products/snap-8; https://bacwater.ai/products/thymosin-alpha-1; https://bacwater.ai/products/ghkcu-spray; https://bacwater.ai/products/nad-plus-spray; https://bacwater.ai/products/semax-spray; https://bacwater.ai/products/selank-spray; https://bacwater.ai/products/pt-141-spray; https://bacwater.ai/products/melanotan-ii-spray; https://bacwater.ai/products/ll-37; https://bacwater.ai/products/cartalax; https://bacwater.ai/products/sermorelin; https://bacwater.ai/products/kisspeptin; https://bacwater.ai/products/dihexa; https://bacwater.ai/products/vip; https://bacwater.ai/products/ara-290; https://bacwater.ai/products/dsip-spray; https://bacwater.ai/products/adalank-spray; https://bacwater.ai/products/adamax-spray; https://bacwater.ai/products/bpc-tb-spray; https://bacwater.ai/products/bpc-spray; https://bacwater.ai/products/pinealon; https://bacwater.ai/products/ahk-cu; https://bacwater.ai/share-tools; https://bacwater.ai/recommendations; https://bacwater.ai/embed; https://bacwater.ai/methodology; https://bacwater.ai/compare-calculators; https://bacwater.ai/; https://bacwater.ai/peptides; https://bacwater.ai/peptides/compare; https://bacwater.ai/learn; https://bacwater.ai/faq; https://bacwater.ai/sitemap; https://bacwater.ai/tools; https://bacwater.ai/tools/vial-labels; https://bacwater.ai/learn/glossary; https://bacwater.ai/learn/bac-water-shelf-life; https://bacwater.ai/learn/where-to-buy-bacteriostatic-water; https://bacwater.ai/learn/bac-water-for-peptides; https://bacwater.ai/learn/what-you-cannot-know; https://bacwater.ai/about; https://bacwater.ai/contact; https://bacwater.ai/editorial-policy; https://bacwater.ai/preferred-source; https://bacwater.ai/terms; https://bacwater.ai/privacy; https://bacwater.ai/disclaimer; https://bacwater.ai/peptides/bpc-157; https://bacwater.ai/peptides/tb-500; https://bacwater.ai/peptides/ipamorelin; https://bacwater.ai/peptides/cjc-1295-no-dac; https://bacwater.ai/peptides/cjc-1295-with-dac; https://bacwater.ai/peptides/sermorelin; https://bacwater.ai/peptides/hexarelin; https://bacwater.ai/peptides/semaglutide; https://bacwater.ai/peptides/tirzepatide; https://bacwater.ai/peptides/retatrutide; https://bacwater.ai/peptides/cagrilintide; https://bacwater.ai/peptides/mots-c; https://bacwater.ai/peptides/epithalon; https://bacwater.ai/peptides/ghk-cu; https://bacwater.ai/peptides/melanotan-2; https://bacwater.ai/peptides/ss-31; https://bacwater.ai/peptides/selank; https://bacwater.ai/peptides/semax; https://bacwater.ai/peptides/aod-9604; https://bacwater.ai/peptides/kisspeptin-10; https://bacwater.ai/peptides/pt-141; https://bacwater.ai/peptides/hcg; https://bacwater.ai/peptides/glow-blend; https://bacwater.ai/peptides/custom; https://bacwater.ai/learn/vs/sterile-water; https://bacwater.ai/learn/vs/saline; https://bacwater.ai/learn/vs/sodium-chloride; https://bacwater.ai/learn/vs/distilled-water; https://bacwater.ai/learn/vs/benzyl-alcohol; https://bacwater.ai/learn/vs/acetic-acid; https://bacwater.ai/learn/vs/reconstitution-solution; https://bacwater.ai/learn/what-syringe-units-mean; https://bacwater.ai/learn/how-peptide-reconstitution-works; https://bacwater.ai/learn/how-to-read-a-peptide-vial; https://bacwater.ai/learn/how-to-reconstitute-tirzepatide; https://bacwater.ai/learn/how-to-read-an-insulin-syringe; https://bacwater.ai/learn/peptide-reconstitution-chart; https://bacwater.ai/learn/insulin-syringe-sizes; https://bacwater.ai/learn/too-much-bac-water; https://bacwater.ai/learn/how-to-reconstitute-bpc-157; https://bacwater.ai/learn/what-is-bac-water; https://bacwater.ai/learn/how-to-use-an-insulin-syringe; https://bacwater.ai/learn/how-to-store-reconstituted-peptides; https://bacwater.ai/learn/common-mistakes-to-avoid; https://bacwater.ai/learn/how-to-reconstitute-semaglutide; https://bacwater.ai/learn?type=guide; https://bacwater.ai/learn?type=peptide-guide; https://bacwater.ai/learn?type=comparison; https://bacwater.ai/learn?topic=dosage; https://bacwater.ai/learn?topic=storage; https://bacwater.ai/learn?topic=safety; https://bacwater.ai/learn?topic=ingredients; https://bacwater.ai/learn?topic=injection-supplies; https://bacwater.ai/learn?topic=reconstitution-method; https://bacwater.ai/learn?peptide=bpc-157; https://bacwater.ai/learn?peptide=tb-500; https://bacwater.ai/learn?peptide=ipamorelin; https://bacwater.ai/learn?peptide=cjc-1295-no-dac; https://bacwater.ai/learn?peptide=cjc-1295-with-dac; https://bacwater.ai/learn?peptide=sermorelin; https://bacwater.ai/learn?peptide=hexarelin; https://bacwater.ai/learn?peptide=semaglutide; https://bacwater.ai/learn?peptide=tirzepatide; https://bacwater.ai/learn?peptide=retatrutide; https://bacwater.ai/learn?peptide=cagrilintide; https://bacwater.ai/learn?peptide=mots-c; https://bacwater.ai/learn?peptide=epithalon; https://bacwater.ai/learn?peptide=ghk-cu; https://bacwater.ai/learn?peptide=melanotan-2; https://bacwater.ai/learn?peptide=ss-31; https://bacwater.ai/learn?peptide=selank; https://bacwater.ai/learn?peptide=semax; https://bacwater.ai/learn?peptide=aod-9604; https://bacwater.ai/learn?peptide=kisspeptin-10; https://bacwater.ai/learn?peptide=pt-141; https://bacwater.ai/learn?peptide=hcg; https://bacwater.ai/learn?peptide=glow-blend; https://bacwater.ai/learn?peptide=custom; https://bacwater.ai/search; https://bacwater.ai/signin; https://bacwater.ai/signup; https://bacwater.ai/plans; https://bacwater.ai/plans/labels; https://bacwater.ai/forgot-password; https://bacwater.ai/reset-password; https://bacwater.ai/learn?type=faq; https://bacwater.ai/learn?type=buying-guide; https://bacwater.ai/learn?type=safety; https://bacwater.ai/learn?topic=where-to-buy,NOT TESTED in this live audit: shared browser approval blocked
https://bacwater.ai/forgot-password,200,https://bacwater.ai/forgot-password,Reset your password · BACwater.ai,1,source/history; https://bacwater.ai/faq; https://bacwater.ai/signin; https://bacwater.ai/reset-password,NOT TESTED in this live audit: shared browser approval blocked
https://bacwater.ai/growth/mg-to-mcg-explained.mp4,200,https://bacwater.ai/growth/mg-to-mcg-explained.mp4,,0,https://bacwater.ai/share-tools,NOT TESTED in this live audit: shared browser approval blocked
https://bacwater.ai/learn,200,https://bacwater.ai/learn,BAC Water & Peptide Reconstitution Guides | BACwater.ai,1,sitemap; https://bacwater.ai/research-finder; https://bacwater.ai/products/amino-h2o; https://bacwater.ai/products/glp-1; https://bacwater.ai/products/glp-2; https://bacwater.ai/products/glp-3; https://bacwater.ai/products/bpc-157; https://bacwater.ai/products/ghk-cu; https://bacwater.ai/products/tb-500; https://bacwater.ai/products/tesamorlin; https://bacwater.ai/products/mots-c; https://bacwater.ai/products/nad-plus; https://bacwater.ai/products/cjc-ipa-no-dac; https://bacwater.ai/products/kpv; https://bacwater.ai/products/klow; https://bacwater.ai/products/semax; https://bacwater.ai/products/glutathione; https://bacwater.ai/products/melanotan-ii; https://bacwater.ai/products/glow; https://bacwater.ai/products/selank; https://bacwater.ai/products/melanotan-i; https://bacwater.ai/products/igf-1-lr3; https://bacwater.ai/products/5-amino-1mq; https://bacwater.ai/products/wolverine-stack; https://bacwater.ai/products/pt-141; https://bacwater.ai/products/cagrilintide; https://bacwater.ai/products/aod-9604; https://bacwater.ai/products/dsip; https://bacwater.ai/products/epithalon; https://bacwater.ai/products/ipamorelin; https://bacwater.ai/products/snap-8; https://bacwater.ai/products/thymosin-alpha-1; https://bacwater.ai/products/ghkcu-spray; https://bacwater.ai/products/nad-plus-spray; https://bacwater.ai/products/semax-spray; https://bacwater.ai/products/selank-spray; https://bacwater.ai/products/pt-141-spray; https://bacwater.ai/products/melanotan-ii-spray; https://bacwater.ai/products/ll-37; https://bacwater.ai/products/cartalax; https://bacwater.ai/products/sermorelin; https://bacwater.ai/products/kisspeptin; https://bacwater.ai/products/dihexa; https://bacwater.ai/products/vip; https://bacwater.ai/products/ara-290; https://bacwater.ai/products/dsip-spray; https://bacwater.ai/products/adalank-spray; https://bacwater.ai/products/adamax-spray; https://bacwater.ai/products/bpc-tb-spray; https://bacwater.ai/products/bpc-spray; https://bacwater.ai/products/pinealon; https://bacwater.ai/products/ahk-cu; https://bacwater.ai/share-tools; https://bacwater.ai/recommendations; https://bacwater.ai/embed; https://bacwater.ai/methodology; https://bacwater.ai/compare-calculators; https://bacwater.ai/; https://bacwater.ai/peptides; https://bacwater.ai/peptides/compare; https://bacwater.ai/learn; https://bacwater.ai/faq; https://bacwater.ai/sitemap; https://bacwater.ai/tools; https://bacwater.ai/tools/vial-labels; https://bacwater.ai/learn/glossary; https://bacwater.ai/learn/bac-water-shelf-life; https://bacwater.ai/learn/where-to-buy-bacteriostatic-water; https://bacwater.ai/learn/bac-water-for-peptides; https://bacwater.ai/learn/what-you-cannot-know; https://bacwater.ai/about; https://bacwater.ai/contact; https://bacwater.ai/editorial-policy; https://bacwater.ai/preferred-source; https://bacwater.ai/terms; https://bacwater.ai/privacy; https://bacwater.ai/disclaimer; https://bacwater.ai/peptides/bpc-157; https://bacwater.ai/peptides/tb-500; https://bacwater.ai/peptides/ipamorelin; https://bacwater.ai/peptides/cjc-1295-no-dac; https://bacwater.ai/peptides/cjc-1295-with-dac; https://bacwater.ai/peptides/sermorelin; https://bacwater.ai/peptides/hexarelin; https://bacwater.ai/peptides/semaglutide; https://bacwater.ai/peptides/tirzepatide; https://bacwater.ai/peptides/retatrutide; https://bacwater.ai/peptides/cagrilintide; https://bacwater.ai/peptides/mots-c; https://bacwater.ai/peptides/epithalon; https://bacwater.ai/peptides/ghk-cu; https://bacwater.ai/peptides/melanotan-2; https://bacwater.ai/peptides/ss-31; https://bacwater.ai/peptides/selank; https://bacwater.ai/peptides/semax; https://bacwater.ai/peptides/aod-9604; https://bacwater.ai/peptides/kisspeptin-10; https://bacwater.ai/peptides/pt-141; https://bacwater.ai/peptides/hcg; https://bacwater.ai/peptides/glow-blend; https://bacwater.ai/peptides/custom; https://bacwater.ai/learn/vs/sterile-water; https://bacwater.ai/learn/vs/saline; https://bacwater.ai/learn/vs/sodium-chloride; https://bacwater.ai/learn/vs/distilled-water; https://bacwater.ai/learn/vs/benzyl-alcohol; https://bacwater.ai/learn/vs/acetic-acid; https://bacwater.ai/learn/vs/reconstitution-solution; https://bacwater.ai/learn/what-syringe-units-mean; https://bacwater.ai/learn/how-peptide-reconstitution-works; https://bacwater.ai/learn/how-to-read-a-peptide-vial; https://bacwater.ai/learn/how-to-reconstitute-tirzepatide; https://bacwater.ai/learn/how-to-read-an-insulin-syringe; https://bacwater.ai/learn/peptide-reconstitution-chart; https://bacwater.ai/learn/insulin-syringe-sizes; https://bacwater.ai/learn/too-much-bac-water; https://bacwater.ai/learn/how-to-reconstitute-bpc-157; https://bacwater.ai/learn/what-is-bac-water; https://bacwater.ai/learn/how-to-use-an-insulin-syringe; https://bacwater.ai/learn/how-to-store-reconstituted-peptides; https://bacwater.ai/learn/common-mistakes-to-avoid; https://bacwater.ai/learn/how-to-reconstitute-semaglutide; https://bacwater.ai/learn?type=guide; https://bacwater.ai/learn?type=peptide-guide; https://bacwater.ai/learn?type=comparison; https://bacwater.ai/learn?topic=dosage; https://bacwater.ai/learn?topic=storage; https://bacwater.ai/learn?topic=safety; https://bacwater.ai/learn?topic=ingredients; https://bacwater.ai/learn?topic=injection-supplies; https://bacwater.ai/learn?topic=reconstitution-method; https://bacwater.ai/learn?peptide=bpc-157; https://bacwater.ai/learn?peptide=tb-500; https://bacwater.ai/learn?peptide=ipamorelin; https://bacwater.ai/learn?peptide=cjc-1295-no-dac; https://bacwater.ai/learn?peptide=cjc-1295-with-dac; https://bacwater.ai/learn?peptide=sermorelin; https://bacwater.ai/learn?peptide=hexarelin; https://bacwater.ai/learn?peptide=semaglutide; https://bacwater.ai/learn?peptide=tirzepatide; https://bacwater.ai/learn?peptide=retatrutide; https://bacwater.ai/learn?peptide=cagrilintide; https://bacwater.ai/learn?peptide=mots-c; https://bacwater.ai/learn?peptide=epithalon; https://bacwater.ai/learn?peptide=ghk-cu; https://bacwater.ai/learn?peptide=melanotan-2; https://bacwater.ai/learn?peptide=ss-31; https://bacwater.ai/learn?peptide=selank; https://bacwater.ai/learn?peptide=semax; https://bacwater.ai/learn?peptide=aod-9604; https://bacwater.ai/learn?peptide=kisspeptin-10; https://bacwater.ai/learn?peptide=pt-141; https://bacwater.ai/learn?peptide=hcg; https://bacwater.ai/learn?peptide=glow-blend; https://bacwater.ai/learn?peptide=custom; https://bacwater.ai/search; https://bacwater.ai/signin; https://bacwater.ai/signup; https://bacwater.ai/plans; https://bacwater.ai/plans/labels; https://bacwater.ai/forgot-password; https://bacwater.ai/reset-password; https://bacwater.ai/learn?type=faq; https://bacwater.ai/learn?type=buying-guide; https://bacwater.ai/learn?type=safety; https://bacwater.ai/learn?topic=where-to-buy,NOT TESTED in this live audit: shared browser approval blocked
https://bacwater.ai/learn/bac-water-for-peptides,200,https://bacwater.ai/learn/bac-water-for-peptides,BAC Water for Peptides: Compatibility and Math | BACwater.ai,1,sitemap; https://bacwater.ai/research-finder; https://bacwater.ai/products/amino-h2o; https://bacwater.ai/products/glp-1; https://bacwater.ai/products/glp-2; https://bacwater.ai/products/glp-3; https://bacwater.ai/products/bpc-157; https://bacwater.ai/products/ghk-cu; https://bacwater.ai/products/tb-500; https://bacwater.ai/products/tesamorlin; https://bacwater.ai/products/mots-c; https://bacwater.ai/products/nad-plus; https://bacwater.ai/products/cjc-ipa-no-dac; https://bacwater.ai/products/kpv; https://bacwater.ai/products/klow; https://bacwater.ai/products/semax; https://bacwater.ai/products/glutathione; https://bacwater.ai/products/melanotan-ii; https://bacwater.ai/products/glow; https://bacwater.ai/products/selank; https://bacwater.ai/products/melanotan-i; https://bacwater.ai/products/igf-1-lr3; https://bacwater.ai/products/5-amino-1mq; https://bacwater.ai/products/wolverine-stack; https://bacwater.ai/products/pt-141; https://bacwater.ai/products/cagrilintide; https://bacwater.ai/products/aod-9604; https://bacwater.ai/products/dsip; https://bacwater.ai/products/epithalon; https://bacwater.ai/products/ipamorelin; https://bacwater.ai/products/snap-8; https://bacwater.ai/products/thymosin-alpha-1; https://bacwater.ai/products/ghkcu-spray; https://bacwater.ai/products/nad-plus-spray; https://bacwater.ai/products/semax-spray; https://bacwater.ai/products/selank-spray; https://bacwater.ai/products/pt-141-spray; https://bacwater.ai/products/melanotan-ii-spray; https://bacwater.ai/products/ll-37; https://bacwater.ai/products/cartalax; https://bacwater.ai/products/sermorelin; https://bacwater.ai/products/kisspeptin; https://bacwater.ai/products/dihexa; https://bacwater.ai/products/vip; https://bacwater.ai/products/ara-290; https://bacwater.ai/products/dsip-spray; https://bacwater.ai/products/adalank-spray; https://bacwater.ai/products/adamax-spray; https://bacwater.ai/products/bpc-tb-spray; https://bacwater.ai/products/bpc-spray; https://bacwater.ai/products/pinealon; https://bacwater.ai/products/ahk-cu; https://bacwater.ai/share-tools; https://bacwater.ai/recommendations; https://bacwater.ai/embed; https://bacwater.ai/methodology; https://bacwater.ai/compare-calculators; https://bacwater.ai/; https://bacwater.ai/peptides; https://bacwater.ai/peptides/compare; https://bacwater.ai/learn; https://bacwater.ai/faq; https://bacwater.ai/sitemap; https://bacwater.ai/tools; https://bacwater.ai/tools/bac-water; https://bacwater.ai/tools/vial-labels; https://bacwater.ai/learn/glossary; https://bacwater.ai/learn/bac-water-shelf-life; https://bacwater.ai/learn/where-to-buy-bacteriostatic-water; https://bacwater.ai/learn/bac-water-for-peptides; https://bacwater.ai/learn/what-you-cannot-know; https://bacwater.ai/about; https://bacwater.ai/contact; https://bacwater.ai/editorial-policy; https://bacwater.ai/preferred-source; https://bacwater.ai/terms; https://bacwater.ai/privacy; https://bacwater.ai/disclaimer; https://bacwater.ai/peptides/bpc-157; https://bacwater.ai/peptides/tb-500; https://bacwater.ai/peptides/ipamorelin; https://bacwater.ai/peptides/cjc-1295-no-dac; https://bacwater.ai/peptides/cjc-1295-with-dac; https://bacwater.ai/peptides/sermorelin; https://bacwater.ai/peptides/hexarelin; https://bacwater.ai/peptides/semaglutide; https://bacwater.ai/peptides/tirzepatide; https://bacwater.ai/peptides/retatrutide; https://bacwater.ai/peptides/cagrilintide; https://bacwater.ai/peptides/mots-c; https://bacwater.ai/peptides/epithalon; https://bacwater.ai/peptides/ghk-cu; https://bacwater.ai/peptides/melanotan-2; https://bacwater.ai/peptides/ss-31; https://bacwater.ai/peptides/selank; https://bacwater.ai/peptides/semax; https://bacwater.ai/peptides/aod-9604; https://bacwater.ai/peptides/kisspeptin-10; https://bacwater.ai/peptides/pt-141; https://bacwater.ai/peptides/hcg; https://bacwater.ai/peptides/glow-blend; https://bacwater.ai/peptides/custom; https://bacwater.ai/learn/vs/sterile-water; https://bacwater.ai/learn/vs/saline; https://bacwater.ai/learn/vs/sodium-chloride; https://bacwater.ai/learn/vs/distilled-water; https://bacwater.ai/learn/vs/benzyl-alcohol; https://bacwater.ai/learn/vs/acetic-acid; https://bacwater.ai/learn/vs/reconstitution-solution; https://bacwater.ai/learn/what-syringe-units-mean; https://bacwater.ai/learn/how-peptide-reconstitution-works; https://bacwater.ai/learn/how-to-read-a-peptide-vial; https://bacwater.ai/learn/how-to-reconstitute-tirzepatide; https://bacwater.ai/learn/how-to-read-an-insulin-syringe; https://bacwater.ai/learn/peptide-reconstitution-chart; https://bacwater.ai/learn/insulin-syringe-sizes; https://bacwater.ai/learn/too-much-bac-water; https://bacwater.ai/learn/how-to-reconstitute-bpc-157; https://bacwater.ai/learn/what-is-bac-water; https://bacwater.ai/learn/how-to-use-an-insulin-syringe; https://bacwater.ai/learn/how-to-store-reconstituted-peptides; https://bacwater.ai/learn/common-mistakes-to-avoid; https://bacwater.ai/learn/how-to-reconstitute-semaglutide; https://bacwater.ai/learn?type=guide; https://bacwater.ai/learn?type=peptide-guide; https://bacwater.ai/learn?type=comparison; https://bacwater.ai/learn?topic=dosage; https://bacwater.ai/learn?topic=storage; https://bacwater.ai/learn?topic=safety; https://bacwater.ai/learn?topic=ingredients; https://bacwater.ai/learn?topic=injection-supplies; https://bacwater.ai/learn?topic=reconstitution-method; https://bacwater.ai/learn?peptide=bpc-157; https://bacwater.ai/learn?peptide=tb-500; https://bacwater.ai/learn?peptide=ipamorelin; https://bacwater.ai/learn?peptide=cjc-1295-no-dac; https://bacwater.ai/learn?peptide=cjc-1295-with-dac; https://bacwater.ai/learn?peptide=sermorelin; https://bacwater.ai/learn?peptide=hexarelin; https://bacwater.ai/learn?peptide=semaglutide; https://bacwater.ai/learn?peptide=tirzepatide; https://bacwater.ai/learn?peptide=retatrutide; https://bacwater.ai/learn?peptide=cagrilintide; https://bacwater.ai/learn?peptide=mots-c; https://bacwater.ai/learn?peptide=epithalon; https://bacwater.ai/learn?peptide=ghk-cu; https://bacwater.ai/learn?peptide=melanotan-2; https://bacwater.ai/learn?peptide=ss-31; https://bacwater.ai/learn?peptide=selank; https://bacwater.ai/learn?peptide=semax; https://bacwater.ai/learn?peptide=aod-9604; https://bacwater.ai/learn?peptide=kisspeptin-10; https://bacwater.ai/learn?peptide=pt-141; https://bacwater.ai/learn?peptide=hcg; https://bacwater.ai/learn?peptide=glow-blend; https://bacwater.ai/learn?peptide=custom; https://bacwater.ai/search; https://bacwater.ai/signin; https://bacwater.ai/signup; https://bacwater.ai/plans; https://bacwater.ai/plans/labels; https://bacwater.ai/forgot-password; https://bacwater.ai/reset-password; https://bacwater.ai/learn?type=faq; https://bacwater.ai/learn?type=buying-guide; https://bacwater.ai/learn?type=safety; https://bacwater.ai/learn?topic=where-to-buy,NOT TESTED in this live audit: shared browser approval blocked
https://bacwater.ai/learn/bac-water-shelf-life,200,https://bacwater.ai/learn/bac-water-shelf-life,How Long Does BAC Water Last? Opened and Unopened | BACwater.ai,1,sitemap; https://bacwater.ai/research-finder; https://bacwater.ai/products/amino-h2o; https://bacwater.ai/products/glp-1; https://bacwater.ai/products/glp-2; https://bacwater.ai/products/glp-3; https://bacwater.ai/products/bpc-157; https://bacwater.ai/products/ghk-cu; https://bacwater.ai/products/tb-500; https://bacwater.ai/products/tesamorlin; https://bacwater.ai/products/mots-c; https://bacwater.ai/products/nad-plus; https://bacwater.ai/products/cjc-ipa-no-dac; https://bacwater.ai/products/kpv; https://bacwater.ai/products/klow; https://bacwater.ai/products/semax; https://bacwater.ai/products/glutathione; https://bacwater.ai/products/melanotan-ii; https://bacwater.ai/products/glow; https://bacwater.ai/products/selank; https://bacwater.ai/products/melanotan-i; https://bacwater.ai/products/igf-1-lr3; https://bacwater.ai/products/5-amino-1mq; https://bacwater.ai/products/wolverine-stack; https://bacwater.ai/products/pt-141; https://bacwater.ai/products/cagrilintide; https://bacwater.ai/products/aod-9604; https://bacwater.ai/products/dsip; https://bacwater.ai/products/epithalon; https://bacwater.ai/products/ipamorelin; https://bacwater.ai/products/snap-8; https://bacwater.ai/products/thymosin-alpha-1; https://bacwater.ai/products/ghkcu-spray; https://bacwater.ai/products/nad-plus-spray; https://bacwater.ai/products/semax-spray; https://bacwater.ai/products/selank-spray; https://bacwater.ai/products/pt-141-spray; https://bacwater.ai/products/melanotan-ii-spray; https://bacwater.ai/products/ll-37; https://bacwater.ai/products/cartalax; https://bacwater.ai/products/sermorelin; https://bacwater.ai/products/kisspeptin; https://bacwater.ai/products/dihexa; https://bacwater.ai/products/vip; https://bacwater.ai/products/ara-290; https://bacwater.ai/products/dsip-spray; https://bacwater.ai/products/adalank-spray; https://bacwater.ai/products/adamax-spray; https://bacwater.ai/products/bpc-tb-spray; https://bacwater.ai/products/bpc-spray; https://bacwater.ai/products/pinealon; https://bacwater.ai/products/ahk-cu; https://bacwater.ai/share-tools; https://bacwater.ai/recommendations; https://bacwater.ai/embed; https://bacwater.ai/methodology; https://bacwater.ai/compare-calculators; https://bacwater.ai/; https://bacwater.ai/peptides; https://bacwater.ai/peptides/compare; https://bacwater.ai/learn; https://bacwater.ai/faq; https://bacwater.ai/sitemap; https://bacwater.ai/tools; https://bacwater.ai/tools/bac-water; https://bacwater.ai/tools/vial-labels; https://bacwater.ai/learn/glossary; https://bacwater.ai/learn/bac-water-shelf-life; https://bacwater.ai/learn/where-to-buy-bacteriostatic-water; https://bacwater.ai/learn/bac-water-for-peptides; https://bacwater.ai/learn/what-you-cannot-know; https://bacwater.ai/about; https://bacwater.ai/contact; https://bacwater.ai/editorial-policy; https://bacwater.ai/preferred-source; https://bacwater.ai/terms; https://bacwater.ai/privacy; https://bacwater.ai/disclaimer; https://bacwater.ai/peptides/bpc-157; https://bacwater.ai/peptides/tb-500; https://bacwater.ai/peptides/ipamorelin; https://bacwater.ai/peptides/cjc-1295-no-dac; https://bacwater.ai/peptides/cjc-1295-with-dac; https://bacwater.ai/peptides/sermorelin; https://bacwater.ai/peptides/hexarelin; https://bacwater.ai/peptides/semaglutide; https://bacwater.ai/peptides/tirzepatide; https://bacwater.ai/peptides/retatrutide; https://bacwater.ai/peptides/cagrilintide; https://bacwater.ai/peptides/mots-c; https://bacwater.ai/peptides/epithalon; https://bacwater.ai/peptides/ghk-cu; https://bacwater.ai/peptides/melanotan-2; https://bacwater.ai/peptides/ss-31; https://bacwater.ai/peptides/selank; https://bacwater.ai/peptides/semax; https://bacwater.ai/peptides/aod-9604; https://bacwater.ai/peptides/kisspeptin-10; https://bacwater.ai/peptides/pt-141; https://bacwater.ai/peptides/hcg; https://bacwater.ai/peptides/glow-blend; https://bacwater.ai/peptides/custom; https://bacwater.ai/learn/vs/sterile-water; https://bacwater.ai/learn/vs/saline; https://bacwater.ai/learn/vs/sodium-chloride; https://bacwater.ai/learn/vs/distilled-water; https://bacwater.ai/learn/vs/benzyl-alcohol; https://bacwater.ai/learn/vs/acetic-acid; https://bacwater.ai/learn/vs/reconstitution-solution; https://bacwater.ai/learn/what-syringe-units-mean; https://bacwater.ai/learn/how-peptide-reconstitution-works; https://bacwater.ai/learn/how-to-read-a-peptide-vial; https://bacwater.ai/learn/how-to-reconstitute-tirzepatide; https://bacwater.ai/learn/how-to-read-an-insulin-syringe; https://bacwater.ai/learn/peptide-reconstitution-chart; https://bacwater.ai/learn/insulin-syringe-sizes; https://bacwater.ai/learn/too-much-bac-water; https://bacwater.ai/learn/how-to-reconstitute-bpc-157; https://bacwater.ai/learn/what-is-bac-water; https://bacwater.ai/learn/how-to-use-an-insulin-syringe; https://bacwater.ai/learn/how-to-store-reconstituted-peptides; https://bacwater.ai/learn/common-mistakes-to-avoid; https://bacwater.ai/learn/how-to-reconstitute-semaglutide; https://bacwater.ai/learn?type=guide; https://bacwater.ai/learn?type=peptide-guide; https://bacwater.ai/learn?type=comparison; https://bacwater.ai/learn?topic=dosage; https://bacwater.ai/learn?topic=storage; https://bacwater.ai/learn?topic=safety; https://bacwater.ai/learn?topic=ingredients; https://bacwater.ai/learn?topic=injection-supplies; https://bacwater.ai/learn?topic=reconstitution-method; https://bacwater.ai/learn?peptide=bpc-157; https://bacwater.ai/learn?peptide=tb-500; https://bacwater.ai/learn?peptide=ipamorelin; https://bacwater.ai/learn?peptide=cjc-1295-no-dac; https://bacwater.ai/learn?peptide=cjc-1295-with-dac; https://bacwater.ai/learn?peptide=sermorelin; https://bacwater.ai/learn?peptide=hexarelin; https://bacwater.ai/learn?peptide=semaglutide; https://bacwater.ai/learn?peptide=tirzepatide; https://bacwater.ai/learn?peptide=retatrutide; https://bacwater.ai/learn?peptide=cagrilintide; https://bacwater.ai/learn?peptide=mots-c; https://bacwater.ai/learn?peptide=epithalon; https://bacwater.ai/learn?peptide=ghk-cu; https://bacwater.ai/learn?peptide=melanotan-2; https://bacwater.ai/learn?peptide=ss-31; https://bacwater.ai/learn?peptide=selank; https://bacwater.ai/learn?peptide=semax; https://bacwater.ai/learn?peptide=aod-9604; https://bacwater.ai/learn?peptide=kisspeptin-10; https://bacwater.ai/learn?peptide=pt-141; https://bacwater.ai/learn?peptide=hcg; https://bacwater.ai/learn?peptide=glow-blend; https://bacwater.ai/learn?peptide=custom; https://bacwater.ai/search; https://bacwater.ai/signin; https://bacwater.ai/signup; https://bacwater.ai/plans; https://bacwater.ai/plans/labels; https://bacwater.ai/forgot-password; https://bacwater.ai/reset-password; https://bacwater.ai/learn?type=faq; https://bacwater.ai/learn?type=buying-guide; https://bacwater.ai/learn?type=safety; https://bacwater.ai/learn?topic=where-to-buy,NOT TESTED in this live audit: shared browser approval blocked
https://bacwater.ai/learn/common-mistakes-to-avoid,200,https://bacwater.ai/learn/common-mistakes-to-avoid,"Calculator Mistakes: Units, Labels & Saved Results | BACwater.ai",1,sitemap; https://bacwater.ai/learn; https://bacwater.ai/sitemap; https://bacwater.ai/learn?topic=safety; https://bacwater.ai/learn?topic=reconstitution-method; https://bacwater.ai/learn?type=safety,NOT TESTED in this live audit: shared browser approval blocked
https://bacwater.ai/learn/glossary,200,https://bacwater.ai/learn/glossary,"BAC Water Glossary: mg, mcg, mL and U-100 | BACwater.ai",1,sitemap; https://bacwater.ai/research-finder; https://bacwater.ai/products/amino-h2o; https://bacwater.ai/products/glp-1; https://bacwater.ai/products/glp-2; https://bacwater.ai/products/glp-3; https://bacwater.ai/products/bpc-157; https://bacwater.ai/products/ghk-cu; https://bacwater.ai/products/tb-500; https://bacwater.ai/products/tesamorlin; https://bacwater.ai/products/mots-c; https://bacwater.ai/products/nad-plus; https://bacwater.ai/products/cjc-ipa-no-dac; https://bacwater.ai/products/kpv; https://bacwater.ai/products/klow; https://bacwater.ai/products/semax; https://bacwater.ai/products/glutathione; https://bacwater.ai/products/melanotan-ii; https://bacwater.ai/products/glow; https://bacwater.ai/products/selank; https://bacwater.ai/products/melanotan-i; https://bacwater.ai/products/igf-1-lr3; https://bacwater.ai/products/5-amino-1mq; https://bacwater.ai/products/wolverine-stack; https://bacwater.ai/products/pt-141; https://bacwater.ai/products/cagrilintide; https://bacwater.ai/products/aod-9604; https://bacwater.ai/products/dsip; https://bacwater.ai/products/epithalon; https://bacwater.ai/products/ipamorelin; https://bacwater.ai/products/snap-8; https://bacwater.ai/products/thymosin-alpha-1; https://bacwater.ai/products/ghkcu-spray; https://bacwater.ai/products/nad-plus-spray; https://bacwater.ai/products/semax-spray; https://bacwater.ai/products/selank-spray; https://bacwater.ai/products/pt-141-spray; https://bacwater.ai/products/melanotan-ii-spray; https://bacwater.ai/products/ll-37; https://bacwater.ai/products/cartalax; https://bacwater.ai/products/sermorelin; https://bacwater.ai/products/kisspeptin; https://bacwater.ai/products/dihexa; https://bacwater.ai/products/vip; https://bacwater.ai/products/ara-290; https://bacwater.ai/products/dsip-spray; https://bacwater.ai/products/adalank-spray; https://bacwater.ai/products/adamax-spray; https://bacwater.ai/products/bpc-tb-spray; https://bacwater.ai/products/bpc-spray; https://bacwater.ai/products/pinealon; https://bacwater.ai/products/ahk-cu; https://bacwater.ai/share-tools; https://bacwater.ai/recommendations; https://bacwater.ai/embed; https://bacwater.ai/methodology; https://bacwater.ai/compare-calculators; https://bacwater.ai/; https://bacwater.ai/peptides; https://bacwater.ai/peptides/compare; https://bacwater.ai/learn; https://bacwater.ai/faq; https://bacwater.ai/sitemap; https://bacwater.ai/tools; https://bacwater.ai/tools/vial-labels; https://bacwater.ai/learn/glossary; https://bacwater.ai/learn/bac-water-shelf-life; https://bacwater.ai/learn/where-to-buy-bacteriostatic-water; https://bacwater.ai/learn/bac-water-for-peptides; https://bacwater.ai/learn/what-you-cannot-know; https://bacwater.ai/about; https://bacwater.ai/contact; https://bacwater.ai/editorial-policy; https://bacwater.ai/preferred-source; https://bacwater.ai/terms; https://bacwater.ai/privacy; https://bacwater.ai/disclaimer; https://bacwater.ai/peptides/bpc-157; https://bacwater.ai/peptides/tb-500; https://bacwater.ai/peptides/ipamorelin; https://bacwater.ai/peptides/cjc-1295-no-dac; https://bacwater.ai/peptides/cjc-1295-with-dac; https://bacwater.ai/peptides/sermorelin; https://bacwater.ai/peptides/hexarelin; https://bacwater.ai/peptides/semaglutide; https://bacwater.ai/peptides/tirzepatide; https://bacwater.ai/peptides/retatrutide; https://bacwater.ai/peptides/cagrilintide; https://bacwater.ai/peptides/mots-c; https://bacwater.ai/peptides/epithalon; https://bacwater.ai/peptides/ghk-cu; https://bacwater.ai/peptides/melanotan-2; https://bacwater.ai/peptides/ss-31; https://bacwater.ai/peptides/selank; https://bacwater.ai/peptides/semax; https://bacwater.ai/peptides/aod-9604; https://bacwater.ai/peptides/kisspeptin-10; https://bacwater.ai/peptides/pt-141; https://bacwater.ai/peptides/hcg; https://bacwater.ai/peptides/glow-blend; https://bacwater.ai/peptides/custom; https://bacwater.ai/learn/vs/sterile-water; https://bacwater.ai/learn/vs/saline; https://bacwater.ai/learn/vs/sodium-chloride; https://bacwater.ai/learn/vs/distilled-water; https://bacwater.ai/learn/vs/benzyl-alcohol; https://bacwater.ai/learn/vs/acetic-acid; https://bacwater.ai/learn/vs/reconstitution-solution; https://bacwater.ai/learn/what-syringe-units-mean; https://bacwater.ai/learn/how-peptide-reconstitution-works; https://bacwater.ai/learn/how-to-read-a-peptide-vial; https://bacwater.ai/learn/how-to-reconstitute-tirzepatide; https://bacwater.ai/learn/how-to-read-an-insulin-syringe; https://bacwater.ai/learn/peptide-reconstitution-chart; https://bacwater.ai/learn/insulin-syringe-sizes; https://bacwater.ai/learn/too-much-bac-water; https://bacwater.ai/learn/how-to-reconstitute-bpc-157; https://bacwater.ai/learn/what-is-bac-water; https://bacwater.ai/learn/how-to-use-an-insulin-syringe; https://bacwater.ai/learn/how-to-store-reconstituted-peptides; https://bacwater.ai/learn/common-mistakes-to-avoid; https://bacwater.ai/learn/how-to-reconstitute-semaglutide; https://bacwater.ai/learn?type=guide; https://bacwater.ai/learn?type=peptide-guide; https://bacwater.ai/learn?type=comparison; https://bacwater.ai/learn?topic=dosage; https://bacwater.ai/learn?topic=storage; https://bacwater.ai/learn?topic=safety; https://bacwater.ai/learn?topic=ingredients; https://bacwater.ai/learn?topic=injection-supplies; https://bacwater.ai/learn?topic=reconstitution-method; https://bacwater.ai/learn?peptide=bpc-157; https://bacwater.ai/learn?peptide=tb-500; https://bacwater.ai/learn?peptide=ipamorelin; https://bacwater.ai/learn?peptide=cjc-1295-no-dac; https://bacwater.ai/learn?peptide=cjc-1295-with-dac; https://bacwater.ai/learn?peptide=sermorelin; https://bacwater.ai/learn?peptide=hexarelin; https://bacwater.ai/learn?peptide=semaglutide; https://bacwater.ai/learn?peptide=tirzepatide; https://bacwater.ai/learn?peptide=retatrutide; https://bacwater.ai/learn?peptide=cagrilintide; https://bacwater.ai/learn?peptide=mots-c; https://bacwater.ai/learn?peptide=epithalon; https://bacwater.ai/learn?peptide=ghk-cu; https://bacwater.ai/learn?peptide=melanotan-2; https://bacwater.ai/learn?peptide=ss-31; https://bacwater.ai/learn?peptide=selank; https://bacwater.ai/learn?peptide=semax; https://bacwater.ai/learn?peptide=aod-9604; https://bacwater.ai/learn?peptide=kisspeptin-10; https://bacwater.ai/learn?peptide=pt-141; https://bacwater.ai/learn?peptide=hcg; https://bacwater.ai/learn?peptide=glow-blend; https://bacwater.ai/learn?peptide=custom; https://bacwater.ai/search; https://bacwater.ai/signin; https://bacwater.ai/signup; https://bacwater.ai/plans; https://bacwater.ai/plans/labels; https://bacwater.ai/forgot-password; https://bacwater.ai/reset-password; https://bacwater.ai/learn?type=faq; https://bacwater.ai/learn?type=buying-guide; https://bacwater.ai/learn?type=safety; https://bacwater.ai/learn?topic=where-to-buy,NOT TESTED in this live audit: shared browser approval blocked
https://bacwater.ai/learn/how-peptide-reconstitution-works,200,https://bacwater.ai/learn/how-peptide-reconstitution-works,Peptide Concentration: How the Math Works | BACwater.ai,1,sitemap; https://bacwater.ai/research-finder; https://bacwater.ai/products/amino-h2o; https://bacwater.ai/products/glp-1; https://bacwater.ai/products/glp-2; https://bacwater.ai/products/glp-3; https://bacwater.ai/products/bpc-157; https://bacwater.ai/products/ghk-cu; https://bacwater.ai/products/tb-500; https://bacwater.ai/products/tesamorlin; https://bacwater.ai/products/mots-c; https://bacwater.ai/products/nad-plus; https://bacwater.ai/products/cjc-ipa-no-dac; https://bacwater.ai/products/kpv; https://bacwater.ai/products/klow; https://bacwater.ai/products/semax; https://bacwater.ai/products/glutathione; https://bacwater.ai/products/melanotan-ii; https://bacwater.ai/products/glow; https://bacwater.ai/products/selank; https://bacwater.ai/products/melanotan-i; https://bacwater.ai/products/igf-1-lr3; https://bacwater.ai/products/5-amino-1mq; https://bacwater.ai/products/wolverine-stack; https://bacwater.ai/products/pt-141; https://bacwater.ai/products/cagrilintide; https://bacwater.ai/products/aod-9604; https://bacwater.ai/products/dsip; https://bacwater.ai/products/epithalon; https://bacwater.ai/products/ipamorelin; https://bacwater.ai/products/snap-8; https://bacwater.ai/products/thymosin-alpha-1; https://bacwater.ai/products/ghkcu-spray; https://bacwater.ai/products/nad-plus-spray; https://bacwater.ai/products/semax-spray; https://bacwater.ai/products/selank-spray; https://bacwater.ai/products/pt-141-spray; https://bacwater.ai/products/melanotan-ii-spray; https://bacwater.ai/products/ll-37; https://bacwater.ai/products/cartalax; https://bacwater.ai/products/sermorelin; https://bacwater.ai/products/kisspeptin; https://bacwater.ai/products/dihexa; https://bacwater.ai/products/vip; https://bacwater.ai/products/ara-290; https://bacwater.ai/products/dsip-spray; https://bacwater.ai/products/adalank-spray; https://bacwater.ai/products/adamax-spray; https://bacwater.ai/products/bpc-tb-spray; https://bacwater.ai/products/bpc-spray; https://bacwater.ai/products/pinealon; https://bacwater.ai/products/ahk-cu; https://bacwater.ai/share-tools; https://bacwater.ai/recommendations; https://bacwater.ai/embed; https://bacwater.ai/methodology; https://bacwater.ai/compare-calculators; https://bacwater.ai/; https://bacwater.ai/peptide-calculator; https://bacwater.ai/peptides; https://bacwater.ai/peptides/compare; https://bacwater.ai/learn; https://bacwater.ai/faq; https://bacwater.ai/sitemap; https://bacwater.ai/tools; https://bacwater.ai/tools/vial-labels; https://bacwater.ai/learn/glossary; https://bacwater.ai/learn/bac-water-shelf-life; https://bacwater.ai/learn/where-to-buy-bacteriostatic-water; https://bacwater.ai/learn/bac-water-for-peptides; https://bacwater.ai/learn/what-you-cannot-know; https://bacwater.ai/about; https://bacwater.ai/contact; https://bacwater.ai/editorial-policy; https://bacwater.ai/preferred-source; https://bacwater.ai/terms; https://bacwater.ai/privacy; https://bacwater.ai/disclaimer; https://bacwater.ai/peptides/bpc-157; https://bacwater.ai/peptides/tb-500; https://bacwater.ai/peptides/ipamorelin; https://bacwater.ai/peptides/cjc-1295-no-dac; https://bacwater.ai/peptides/cjc-1295-with-dac; https://bacwater.ai/peptides/sermorelin; https://bacwater.ai/peptides/hexarelin; https://bacwater.ai/peptides/semaglutide; https://bacwater.ai/peptides/tirzepatide; https://bacwater.ai/peptides/retatrutide; https://bacwater.ai/peptides/cagrilintide; https://bacwater.ai/peptides/mots-c; https://bacwater.ai/peptides/epithalon; https://bacwater.ai/peptides/ghk-cu; https://bacwater.ai/peptides/melanotan-2; https://bacwater.ai/peptides/ss-31; https://bacwater.ai/peptides/selank; https://bacwater.ai/peptides/semax; https://bacwater.ai/peptides/aod-9604; https://bacwater.ai/peptides/kisspeptin-10; https://bacwater.ai/peptides/pt-141; https://bacwater.ai/peptides/hcg; https://bacwater.ai/peptides/glow-blend; https://bacwater.ai/peptides/custom; https://bacwater.ai/learn/vs/sterile-water; https://bacwater.ai/learn/vs/saline; https://bacwater.ai/learn/vs/sodium-chloride; https://bacwater.ai/learn/vs/distilled-water; https://bacwater.ai/learn/vs/benzyl-alcohol; https://bacwater.ai/learn/vs/acetic-acid; https://bacwater.ai/learn/vs/reconstitution-solution; https://bacwater.ai/learn/what-syringe-units-mean; https://bacwater.ai/learn/how-peptide-reconstitution-works; https://bacwater.ai/learn/how-to-read-a-peptide-vial; https://bacwater.ai/learn/how-to-reconstitute-tirzepatide; https://bacwater.ai/learn/how-to-read-an-insulin-syringe; https://bacwater.ai/learn/peptide-reconstitution-chart; https://bacwater.ai/learn/insulin-syringe-sizes; https://bacwater.ai/learn/too-much-bac-water; https://bacwater.ai/learn/how-to-reconstitute-bpc-157; https://bacwater.ai/learn/what-is-bac-water; https://bacwater.ai/learn/how-to-use-an-insulin-syringe; https://bacwater.ai/learn/how-to-store-reconstituted-peptides; https://bacwater.ai/learn/common-mistakes-to-avoid; https://bacwater.ai/learn/how-to-reconstitute-semaglutide; https://bacwater.ai/learn?type=guide; https://bacwater.ai/learn?type=peptide-guide; https://bacwater.ai/learn?type=comparison; https://bacwater.ai/learn?topic=dosage; https://bacwater.ai/learn?topic=storage; https://bacwater.ai/learn?topic=safety; https://bacwater.ai/learn?topic=ingredients; https://bacwater.ai/learn?topic=injection-supplies; https://bacwater.ai/learn?topic=reconstitution-method; https://bacwater.ai/learn?peptide=bpc-157; https://bacwater.ai/learn?peptide=tb-500; https://bacwater.ai/learn?peptide=ipamorelin; https://bacwater.ai/learn?peptide=cjc-1295-no-dac; https://bacwater.ai/learn?peptide=cjc-1295-with-dac; https://bacwater.ai/learn?peptide=sermorelin; https://bacwater.ai/learn?peptide=hexarelin; https://bacwater.ai/learn?peptide=semaglutide; https://bacwater.ai/learn?peptide=tirzepatide; https://bacwater.ai/learn?peptide=retatrutide; https://bacwater.ai/learn?peptide=cagrilintide; https://bacwater.ai/learn?peptide=mots-c; https://bacwater.ai/learn?peptide=epithalon; https://bacwater.ai/learn?peptide=ghk-cu; https://bacwater.ai/learn?peptide=melanotan-2; https://bacwater.ai/learn?peptide=ss-31; https://bacwater.ai/learn?peptide=selank; https://bacwater.ai/learn?peptide=semax; https://bacwater.ai/learn?peptide=aod-9604; https://bacwater.ai/learn?peptide=kisspeptin-10; https://bacwater.ai/learn?peptide=pt-141; https://bacwater.ai/learn?peptide=hcg; https://bacwater.ai/learn?peptide=glow-blend; https://bacwater.ai/learn?peptide=custom; https://bacwater.ai/search; https://bacwater.ai/signin; https://bacwater.ai/signup; https://bacwater.ai/plans; https://bacwater.ai/plans/labels; https://bacwater.ai/forgot-password; https://bacwater.ai/reset-password; https://bacwater.ai/learn?type=faq; https://bacwater.ai/learn?type=buying-guide; https://bacwater.ai/learn?type=safety; https://bacwater.ai/learn?topic=where-to-buy,NOT TESTED in this live audit: shared browser approval blocked
https://bacwater.ai/learn/how-to-read-a-peptide-vial,200,https://bacwater.ai/learn/how-to-read-a-peptide-vial,How to Read a Vial Label: Mass vs Concentration | BACwater.ai,1,sitemap; https://bacwater.ai/; https://bacwater.ai/learn; https://bacwater.ai/sitemap; https://bacwater.ai/tools/mg-to-mcg; https://bacwater.ai/learn/glossary; https://bacwater.ai/learn/where-to-buy-bacteriostatic-water; https://bacwater.ai/learn/bac-water-for-peptides; https://bacwater.ai/learn/vs/sterile-water; https://bacwater.ai/learn/vs/saline; https://bacwater.ai/learn/vs/sodium-chloride; https://bacwater.ai/learn/vs/distilled-water; https://bacwater.ai/learn/vs/benzyl-alcohol; https://bacwater.ai/learn/vs/acetic-acid; https://bacwater.ai/learn/vs/reconstitution-solution; https://bacwater.ai/learn/how-peptide-reconstitution-works; https://bacwater.ai/learn/how-to-reconstitute-tirzepatide; https://bacwater.ai/learn/peptide-reconstitution-chart; https://bacwater.ai/learn/too-much-bac-water; https://bacwater.ai/learn/how-to-reconstitute-bpc-157; https://bacwater.ai/learn/how-to-store-reconstituted-peptides; https://bacwater.ai/learn/common-mistakes-to-avoid; https://bacwater.ai/learn/how-to-reconstitute-semaglutide; https://bacwater.ai/learn?type=guide; https://bacwater.ai/learn?topic=dosage; https://bacwater.ai/learn?topic=reconstitution-method,NOT TESTED in this live audit: shared browser approval blocked
https://bacwater.ai/learn/how-to-read-an-insulin-syringe,200,https://bacwater.ai/learn/how-to-read-an-insulin-syringe,Read Syringe Scale Intervals & U-100 Units | BACwater.ai,1,sitemap; https://bacwater.ai/learn; https://bacwater.ai/sitemap; https://bacwater.ai/learn/what-syringe-units-mean; https://bacwater.ai/learn/insulin-syringe-sizes; https://bacwater.ai/learn/how-to-use-an-insulin-syringe; https://bacwater.ai/learn?type=guide; https://bacwater.ai/learn?topic=injection-supplies,NOT TESTED in this live audit: shared browser approval blocked
https://bacwater.ai/learn/how-to-reconstitute-bpc-157,200,https://bacwater.ai/learn/how-to-reconstitute-bpc-157,BPC-157: Calculation Inputs & Evidence Limits | BACwater.ai,1,sitemap; https://bacwater.ai/learn; https://bacwater.ai/sitemap; https://bacwater.ai/peptides/bpc-157; https://bacwater.ai/learn?type=peptide-guide; https://bacwater.ai/learn?topic=dosage; https://bacwater.ai/learn?topic=reconstitution-method; https://bacwater.ai/learn?peptide=bpc-157,NOT TESTED in this live audit: shared browser approval blocked
https://bacwater.ai/learn/how-to-reconstitute-semaglutide,200,https://bacwater.ai/learn/how-to-reconstitute-semaglutide,"Semaglutide: Concentration, Formulation & Units | BACwater.ai",1,sitemap; https://bacwater.ai/learn; https://bacwater.ai/sitemap; https://bacwater.ai/peptides/semaglutide; https://bacwater.ai/learn?type=peptide-guide; https://bacwater.ai/learn?topic=dosage; https://bacwater.ai/learn?topic=reconstitution-method; https://bacwater.ai/learn?peptide=semaglutide,NOT TESTED in this live audit: shared browser approval blocked
https://bacwater.ai/learn/how-to-reconstitute-tirzepatide,200,https://bacwater.ai/learn/how-to-reconstitute-tirzepatide,Tirzepatide Calculation Inputs & Units | BACwater.ai,1,sitemap; https://bacwater.ai/learn; https://bacwater.ai/sitemap; https://bacwater.ai/peptides/tirzepatide; https://bacwater.ai/learn?type=peptide-guide; https://bacwater.ai/learn?topic=dosage; https://bacwater.ai/learn?topic=reconstitution-method; https://bacwater.ai/learn?peptide=tirzepatide,NOT TESTED in this live audit: shared browser approval blocked
https://bacwater.ai/learn/how-to-store-reconstituted-peptides,200,https://bacwater.ai/learn/how-to-store-reconstituted-peptides,Storing Reconstituted Peptides: Follow the Label | BACwater.ai,1,sitemap; https://bacwater.ai/learn; https://bacwater.ai/sitemap; https://bacwater.ai/learn/bac-water-shelf-life; https://bacwater.ai/peptides/bpc-157; https://bacwater.ai/peptides/tb-500; https://bacwater.ai/peptides/ipamorelin; https://bacwater.ai/peptides/cjc-1295-no-dac; https://bacwater.ai/peptides/cjc-1295-with-dac; https://bacwater.ai/peptides/sermorelin; https://bacwater.ai/peptides/hexarelin; https://bacwater.ai/peptides/semaglutide; https://bacwater.ai/peptides/tirzepatide; https://bacwater.ai/peptides/retatrutide; https://bacwater.ai/peptides/cagrilintide; https://bacwater.ai/peptides/mots-c; https://bacwater.ai/peptides/epithalon; https://bacwater.ai/peptides/ghk-cu; https://bacwater.ai/peptides/melanotan-2; https://bacwater.ai/peptides/ss-31; https://bacwater.ai/peptides/selank; https://bacwater.ai/peptides/semax; https://bacwater.ai/peptides/aod-9604; https://bacwater.ai/peptides/kisspeptin-10; https://bacwater.ai/peptides/pt-141; https://bacwater.ai/peptides/hcg; https://bacwater.ai/peptides/glow-blend; https://bacwater.ai/peptides/custom; https://bacwater.ai/learn/how-to-reconstitute-semaglutide; https://bacwater.ai/learn?topic=storage; https://bacwater.ai/learn?topic=safety; https://bacwater.ai/learn?type=safety,NOT TESTED in this live audit: shared browser approval blocked
https://bacwater.ai/learn/how-to-use-an-insulin-syringe,200,https://bacwater.ai/learn/how-to-use-an-insulin-syringe,Syringe Scale Basics & Calculation Limits | BACwater.ai,1,sitemap; https://bacwater.ai/learn; https://bacwater.ai/sitemap; https://bacwater.ai/learn/how-to-read-an-insulin-syringe; https://bacwater.ai/learn/insulin-syringe-sizes; https://bacwater.ai/learn?type=guide; https://bacwater.ai/learn?topic=injection-supplies; https://bacwater.ai/learn?topic=reconstitution-method,NOT TESTED in this live audit: shared browser approval blocked
https://bacwater.ai/learn/insulin-syringe-sizes,200,https://bacwater.ai/learn/insulin-syringe-sizes,"Syringe Capacity, U-100 Scale & Tick Spacing | BACwater.ai",1,sitemap; https://bacwater.ai/learn; https://bacwater.ai/faq; https://bacwater.ai/sitemap; https://bacwater.ai/learn/how-to-read-an-insulin-syringe; https://bacwater.ai/learn/how-to-use-an-insulin-syringe; https://bacwater.ai/learn?type=guide; https://bacwater.ai/learn?topic=injection-supplies,NOT TESTED in this live audit: shared browser approval blocked
https://bacwater.ai/learn/peptide-reconstitution-chart,200,https://bacwater.ai/learn/peptide-reconstitution-chart,Peptide Concentration Chart: Worked Arithmetic | BACwater.ai,1,sitemap; https://bacwater.ai/learn; https://bacwater.ai/sitemap; https://bacwater.ai/learn/how-peptide-reconstitution-works; https://bacwater.ai/learn?type=guide; https://bacwater.ai/learn?topic=dosage; https://bacwater.ai/learn?topic=reconstitution-method,NOT TESTED in this live audit: shared browser approval blocked
https://bacwater.ai/learn/too-much-bac-water,200,https://bacwater.ai/learn/too-much-bac-water,More BAC Water: What Dilution Math Tells You | BACwater.ai,1,sitemap; https://bacwater.ai/learn; https://bacwater.ai/sitemap; https://bacwater.ai/tools/bac-water; https://bacwater.ai/peptides/bpc-157; https://bacwater.ai/peptides/tb-500; https://bacwater.ai/peptides/ipamorelin; https://bacwater.ai/peptides/cjc-1295-no-dac; https://bacwater.ai/peptides/cjc-1295-with-dac; https://bacwater.ai/peptides/sermorelin; https://bacwater.ai/peptides/hexarelin; https://bacwater.ai/peptides/semaglutide; https://bacwater.ai/peptides/tirzepatide; https://bacwater.ai/peptides/retatrutide; https://bacwater.ai/peptides/cagrilintide; https://bacwater.ai/peptides/mots-c; https://bacwater.ai/peptides/epithalon; https://bacwater.ai/peptides/ghk-cu; https://bacwater.ai/peptides/melanotan-2; https://bacwater.ai/peptides/ss-31; https://bacwater.ai/peptides/selank; https://bacwater.ai/peptides/semax; https://bacwater.ai/peptides/aod-9604; https://bacwater.ai/peptides/kisspeptin-10; https://bacwater.ai/peptides/pt-141; https://bacwater.ai/peptides/hcg; https://bacwater.ai/peptides/glow-blend; https://bacwater.ai/peptides/custom; https://bacwater.ai/learn?topic=dosage; https://bacwater.ai/learn?topic=safety; https://bacwater.ai/learn?topic=reconstitution-method; https://bacwater.ai/learn?type=safety,NOT TESTED in this live audit: shared browser approval blocked
https://bacwater.ai/learn/vs/acetic-acid,200,https://bacwater.ai/learn/vs/acetic-acid,BAC Water vs Acetic Acid Solution: Label Checks | BACwater.ai,1,sitemap; https://bacwater.ai/learn; https://bacwater.ai/sitemap; https://bacwater.ai/learn/vs/sterile-water; https://bacwater.ai/learn/vs/saline; https://bacwater.ai/learn/vs/sodium-chloride; https://bacwater.ai/learn/vs/distilled-water; https://bacwater.ai/learn/vs/benzyl-alcohol; https://bacwater.ai/learn/vs/reconstitution-solution; https://bacwater.ai/learn?type=comparison; https://bacwater.ai/learn?topic=ingredients; https://bacwater.ai/learn?topic=reconstitution-method,NOT TESTED in this live audit: shared browser approval blocked
https://bacwater.ai/learn/vs/benzyl-alcohol,200,https://bacwater.ai/learn/vs/benzyl-alcohol,BAC Water vs Benzyl Alcohol: Ingredient vs Product | BACwater.ai,1,sitemap; https://bacwater.ai/learn; https://bacwater.ai/faq; https://bacwater.ai/sitemap; https://bacwater.ai/learn/glossary; https://bacwater.ai/learn/vs/sterile-water; https://bacwater.ai/learn/vs/saline; https://bacwater.ai/learn/vs/sodium-chloride; https://bacwater.ai/learn/vs/distilled-water; https://bacwater.ai/learn/vs/acetic-acid; https://bacwater.ai/learn/vs/reconstitution-solution; https://bacwater.ai/learn/what-is-bac-water; https://bacwater.ai/learn?type=comparison; https://bacwater.ai/learn?topic=ingredients; https://bacwater.ai/learn?topic=reconstitution-method,NOT TESTED in this live audit: shared browser approval blocked
https://bacwater.ai/learn/vs/distilled-water,200,https://bacwater.ai/learn/vs/distilled-water,BAC Water vs Distilled Water: Not the Same Grade | BACwater.ai,1,sitemap; https://bacwater.ai/learn; https://bacwater.ai/sitemap; https://bacwater.ai/learn/vs/sterile-water; https://bacwater.ai/learn/vs/saline; https://bacwater.ai/learn/vs/sodium-chloride; https://bacwater.ai/learn/vs/benzyl-alcohol; https://bacwater.ai/learn/vs/acetic-acid; https://bacwater.ai/learn/vs/reconstitution-solution; https://bacwater.ai/learn?type=comparison; https://bacwater.ai/learn?topic=ingredients; https://bacwater.ai/learn?topic=reconstitution-method,NOT TESTED in this live audit: shared browser approval blocked
https://bacwater.ai/learn/vs/reconstitution-solution,200,https://bacwater.ai/learn/vs/reconstitution-solution,BAC Water vs Reconstitution Solution: Read the Label | BACwater.ai,1,sitemap; https://bacwater.ai/learn; https://bacwater.ai/sitemap; https://bacwater.ai/learn/bac-water-for-peptides; https://bacwater.ai/learn/vs/sterile-water; https://bacwater.ai/learn/vs/saline; https://bacwater.ai/learn/vs/sodium-chloride; https://bacwater.ai/learn/vs/distilled-water; https://bacwater.ai/learn/vs/benzyl-alcohol; https://bacwater.ai/learn/vs/acetic-acid; https://bacwater.ai/learn?type=comparison; https://bacwater.ai/learn?topic=ingredients; https://bacwater.ai/learn?topic=reconstitution-method,NOT TESTED in this live audit: shared browser approval blocked
https://bacwater.ai/learn/vs/saline,200,https://bacwater.ai/learn/vs/saline,BAC Water vs Saline: Salt and Preservative Differ | BACwater.ai,1,sitemap; https://bacwater.ai/learn; https://bacwater.ai/sitemap; https://bacwater.ai/learn/where-to-buy-bacteriostatic-water; https://bacwater.ai/learn/vs/sterile-water; https://bacwater.ai/learn/vs/sodium-chloride; https://bacwater.ai/learn/vs/distilled-water; https://bacwater.ai/learn/vs/benzyl-alcohol; https://bacwater.ai/learn/vs/acetic-acid; https://bacwater.ai/learn/vs/reconstitution-solution; https://bacwater.ai/learn?type=comparison; https://bacwater.ai/learn?topic=ingredients; https://bacwater.ai/learn?topic=reconstitution-method,NOT TESTED in this live audit: shared browser approval blocked
https://bacwater.ai/learn/vs/sodium-chloride,200,https://bacwater.ai/learn/vs/sodium-chloride,BAC Water vs Bacteriostatic Sodium Chloride | BACwater.ai,1,sitemap; https://bacwater.ai/learn; https://bacwater.ai/sitemap; https://bacwater.ai/learn/bac-water-for-peptides; https://bacwater.ai/learn/vs/sterile-water; https://bacwater.ai/learn/vs/saline; https://bacwater.ai/learn/vs/distilled-water; https://bacwater.ai/learn/vs/benzyl-alcohol; https://bacwater.ai/learn/vs/acetic-acid; https://bacwater.ai/learn/vs/reconstitution-solution; https://bacwater.ai/learn?type=comparison; https://bacwater.ai/learn?topic=ingredients; https://bacwater.ai/learn?topic=reconstitution-method,NOT TESTED in this live audit: shared browser approval blocked
https://bacwater.ai/learn/vs/sterile-water,200,https://bacwater.ai/learn/vs/sterile-water,BAC Water vs Sterile Water: Is It the Same? | BACwater.ai,1,sitemap; https://bacwater.ai/research-finder; https://bacwater.ai/products/amino-h2o; https://bacwater.ai/products/glp-1; https://bacwater.ai/products/glp-2; https://bacwater.ai/products/glp-3; https://bacwater.ai/products/bpc-157; https://bacwater.ai/products/ghk-cu; https://bacwater.ai/products/tb-500; https://bacwater.ai/products/tesamorlin; https://bacwater.ai/products/mots-c; https://bacwater.ai/products/nad-plus; https://bacwater.ai/products/cjc-ipa-no-dac; https://bacwater.ai/products/kpv; https://bacwater.ai/products/klow; https://bacwater.ai/products/semax; https://bacwater.ai/products/glutathione; https://bacwater.ai/products/melanotan-ii; https://bacwater.ai/products/glow; https://bacwater.ai/products/selank; https://bacwater.ai/products/melanotan-i; https://bacwater.ai/products/igf-1-lr3; https://bacwater.ai/products/5-amino-1mq; https://bacwater.ai/products/wolverine-stack; https://bacwater.ai/products/pt-141; https://bacwater.ai/products/cagrilintide; https://bacwater.ai/products/aod-9604; https://bacwater.ai/products/dsip; https://bacwater.ai/products/epithalon; https://bacwater.ai/products/ipamorelin; https://bacwater.ai/products/snap-8; https://bacwater.ai/products/thymosin-alpha-1; https://bacwater.ai/products/ghkcu-spray; https://bacwater.ai/products/nad-plus-spray; https://bacwater.ai/products/semax-spray; https://bacwater.ai/products/selank-spray; https://bacwater.ai/products/pt-141-spray; https://bacwater.ai/products/melanotan-ii-spray; https://bacwater.ai/products/ll-37; https://bacwater.ai/products/cartalax; https://bacwater.ai/products/sermorelin; https://bacwater.ai/products/kisspeptin; https://bacwater.ai/products/dihexa; https://bacwater.ai/products/vip; https://bacwater.ai/products/ara-290; https://bacwater.ai/products/dsip-spray; https://bacwater.ai/products/adalank-spray; https://bacwater.ai/products/adamax-spray; https://bacwater.ai/products/bpc-tb-spray; https://bacwater.ai/products/bpc-spray; https://bacwater.ai/products/pinealon; https://bacwater.ai/products/ahk-cu; https://bacwater.ai/share-tools; https://bacwater.ai/recommendations; https://bacwater.ai/embed; https://bacwater.ai/methodology; https://bacwater.ai/compare-calculators; https://bacwater.ai/; https://bacwater.ai/peptides; https://bacwater.ai/peptides/compare; https://bacwater.ai/learn; https://bacwater.ai/faq; https://bacwater.ai/sitemap; https://bacwater.ai/tools; https://bacwater.ai/tools/vial-labels; https://bacwater.ai/learn/glossary; https://bacwater.ai/learn/bac-water-shelf-life; https://bacwater.ai/learn/where-to-buy-bacteriostatic-water; https://bacwater.ai/learn/bac-water-for-peptides; https://bacwater.ai/learn/what-you-cannot-know; https://bacwater.ai/about; https://bacwater.ai/contact; https://bacwater.ai/editorial-policy; https://bacwater.ai/preferred-source; https://bacwater.ai/terms; https://bacwater.ai/privacy; https://bacwater.ai/disclaimer; https://bacwater.ai/peptides/bpc-157; https://bacwater.ai/peptides/tb-500; https://bacwater.ai/peptides/ipamorelin; https://bacwater.ai/peptides/cjc-1295-no-dac; https://bacwater.ai/peptides/cjc-1295-with-dac; https://bacwater.ai/peptides/sermorelin; https://bacwater.ai/peptides/hexarelin; https://bacwater.ai/peptides/semaglutide; https://bacwater.ai/peptides/tirzepatide; https://bacwater.ai/peptides/retatrutide; https://bacwater.ai/peptides/cagrilintide; https://bacwater.ai/peptides/mots-c; https://bacwater.ai/peptides/epithalon; https://bacwater.ai/peptides/ghk-cu; https://bacwater.ai/peptides/melanotan-2; https://bacwater.ai/peptides/ss-31; https://bacwater.ai/peptides/selank; https://bacwater.ai/peptides/semax; https://bacwater.ai/peptides/aod-9604; https://bacwater.ai/peptides/kisspeptin-10; https://bacwater.ai/peptides/pt-141; https://bacwater.ai/peptides/hcg; https://bacwater.ai/peptides/glow-blend; https://bacwater.ai/peptides/custom; https://bacwater.ai/learn/vs/sterile-water; https://bacwater.ai/learn/vs/saline; https://bacwater.ai/learn/vs/sodium-chloride; https://bacwater.ai/learn/vs/distilled-water; https://bacwater.ai/learn/vs/benzyl-alcohol; https://bacwater.ai/learn/vs/acetic-acid; https://bacwater.ai/learn/vs/reconstitution-solution; https://bacwater.ai/learn/what-syringe-units-mean; https://bacwater.ai/learn/how-peptide-reconstitution-works; https://bacwater.ai/learn/how-to-read-a-peptide-vial; https://bacwater.ai/learn/how-to-reconstitute-tirzepatide; https://bacwater.ai/learn/how-to-read-an-insulin-syringe; https://bacwater.ai/learn/peptide-reconstitution-chart; https://bacwater.ai/learn/insulin-syringe-sizes; https://bacwater.ai/learn/too-much-bac-water; https://bacwater.ai/learn/how-to-reconstitute-bpc-157; https://bacwater.ai/learn/what-is-bac-water; https://bacwater.ai/learn/how-to-use-an-insulin-syringe; https://bacwater.ai/learn/how-to-store-reconstituted-peptides; https://bacwater.ai/learn/common-mistakes-to-avoid; https://bacwater.ai/learn/how-to-reconstitute-semaglutide; https://bacwater.ai/learn?type=guide; https://bacwater.ai/learn?type=peptide-guide; https://bacwater.ai/learn?type=comparison; https://bacwater.ai/learn?topic=dosage; https://bacwater.ai/learn?topic=storage; https://bacwater.ai/learn?topic=safety; https://bacwater.ai/learn?topic=ingredients; https://bacwater.ai/learn?topic=injection-supplies; https://bacwater.ai/learn?topic=reconstitution-method; https://bacwater.ai/learn?peptide=bpc-157; https://bacwater.ai/learn?peptide=tb-500; https://bacwater.ai/learn?peptide=ipamorelin; https://bacwater.ai/learn?peptide=cjc-1295-no-dac; https://bacwater.ai/learn?peptide=cjc-1295-with-dac; https://bacwater.ai/learn?peptide=sermorelin; https://bacwater.ai/learn?peptide=hexarelin; https://bacwater.ai/learn?peptide=semaglutide; https://bacwater.ai/learn?peptide=tirzepatide; https://bacwater.ai/learn?peptide=retatrutide; https://bacwater.ai/learn?peptide=cagrilintide; https://bacwater.ai/learn?peptide=mots-c; https://bacwater.ai/learn?peptide=epithalon; https://bacwater.ai/learn?peptide=ghk-cu; https://bacwater.ai/learn?peptide=melanotan-2; https://bacwater.ai/learn?peptide=ss-31; https://bacwater.ai/learn?peptide=selank; https://bacwater.ai/learn?peptide=semax; https://bacwater.ai/learn?peptide=aod-9604; https://bacwater.ai/learn?peptide=kisspeptin-10; https://bacwater.ai/learn?peptide=pt-141; https://bacwater.ai/learn?peptide=hcg; https://bacwater.ai/learn?peptide=glow-blend; https://bacwater.ai/learn?peptide=custom; https://bacwater.ai/search; https://bacwater.ai/signin; https://bacwater.ai/signup; https://bacwater.ai/plans; https://bacwater.ai/plans/labels; https://bacwater.ai/forgot-password; https://bacwater.ai/reset-password; https://bacwater.ai/learn?type=faq; https://bacwater.ai/learn?type=buying-guide; https://bacwater.ai/learn?type=safety; https://bacwater.ai/learn?topic=where-to-buy,NOT TESTED in this live audit: shared browser approval blocked
https://bacwater.ai/learn/what-is-bac-water,200,https://bacwater.ai/learn/what-is-bac-water,What Is BAC Water? Ingredients & Purpose | BACwater.ai,1,sitemap; https://bacwater.ai/research-finder; https://bacwater.ai/products/amino-h2o; https://bacwater.ai/products/glp-1; https://bacwater.ai/products/glp-2; https://bacwater.ai/products/glp-3; https://bacwater.ai/products/bpc-157; https://bacwater.ai/products/ghk-cu; https://bacwater.ai/products/tb-500; https://bacwater.ai/products/tesamorlin; https://bacwater.ai/products/mots-c; https://bacwater.ai/products/nad-plus; https://bacwater.ai/products/cjc-ipa-no-dac; https://bacwater.ai/products/kpv; https://bacwater.ai/products/klow; https://bacwater.ai/products/semax; https://bacwater.ai/products/glutathione; https://bacwater.ai/products/melanotan-ii; https://bacwater.ai/products/glow; https://bacwater.ai/products/selank; https://bacwater.ai/products/melanotan-i; https://bacwater.ai/products/igf-1-lr3; https://bacwater.ai/products/5-amino-1mq; https://bacwater.ai/products/wolverine-stack; https://bacwater.ai/products/pt-141; https://bacwater.ai/products/cagrilintide; https://bacwater.ai/products/aod-9604; https://bacwater.ai/products/dsip; https://bacwater.ai/products/epithalon; https://bacwater.ai/products/ipamorelin; https://bacwater.ai/products/snap-8; https://bacwater.ai/products/thymosin-alpha-1; https://bacwater.ai/products/ghkcu-spray; https://bacwater.ai/products/nad-plus-spray; https://bacwater.ai/products/semax-spray; https://bacwater.ai/products/selank-spray; https://bacwater.ai/products/pt-141-spray; https://bacwater.ai/products/melanotan-ii-spray; https://bacwater.ai/products/ll-37; https://bacwater.ai/products/cartalax; https://bacwater.ai/products/sermorelin; https://bacwater.ai/products/kisspeptin; https://bacwater.ai/products/dihexa; https://bacwater.ai/products/vip; https://bacwater.ai/products/ara-290; https://bacwater.ai/products/dsip-spray; https://bacwater.ai/products/adalank-spray; https://bacwater.ai/products/adamax-spray; https://bacwater.ai/products/bpc-tb-spray; https://bacwater.ai/products/bpc-spray; https://bacwater.ai/products/pinealon; https://bacwater.ai/products/ahk-cu; https://bacwater.ai/share-tools; https://bacwater.ai/recommendations; https://bacwater.ai/embed; https://bacwater.ai/methodology; https://bacwater.ai/compare-calculators; https://bacwater.ai/; https://bacwater.ai/peptides; https://bacwater.ai/peptides/compare; https://bacwater.ai/learn; https://bacwater.ai/faq; https://bacwater.ai/sitemap; https://bacwater.ai/tools; https://bacwater.ai/tools/vial-labels; https://bacwater.ai/learn/glossary; https://bacwater.ai/learn/bac-water-shelf-life; https://bacwater.ai/learn/where-to-buy-bacteriostatic-water; https://bacwater.ai/learn/bac-water-for-peptides; https://bacwater.ai/learn/what-you-cannot-know; https://bacwater.ai/about; https://bacwater.ai/contact; https://bacwater.ai/editorial-policy; https://bacwater.ai/preferred-source; https://bacwater.ai/terms; https://bacwater.ai/privacy; https://bacwater.ai/disclaimer; https://bacwater.ai/peptides/bpc-157; https://bacwater.ai/peptides/tb-500; https://bacwater.ai/peptides/ipamorelin; https://bacwater.ai/peptides/cjc-1295-no-dac; https://bacwater.ai/peptides/cjc-1295-with-dac; https://bacwater.ai/peptides/sermorelin; https://bacwater.ai/peptides/hexarelin; https://bacwater.ai/peptides/semaglutide; https://bacwater.ai/peptides/tirzepatide; https://bacwater.ai/peptides/retatrutide; https://bacwater.ai/peptides/cagrilintide; https://bacwater.ai/peptides/mots-c; https://bacwater.ai/peptides/epithalon; https://bacwater.ai/peptides/ghk-cu; https://bacwater.ai/peptides/melanotan-2; https://bacwater.ai/peptides/ss-31; https://bacwater.ai/peptides/selank; https://bacwater.ai/peptides/semax; https://bacwater.ai/peptides/aod-9604; https://bacwater.ai/peptides/kisspeptin-10; https://bacwater.ai/peptides/pt-141; https://bacwater.ai/peptides/hcg; https://bacwater.ai/peptides/glow-blend; https://bacwater.ai/peptides/custom; https://bacwater.ai/learn/vs/sterile-water; https://bacwater.ai/learn/vs/saline; https://bacwater.ai/learn/vs/sodium-chloride; https://bacwater.ai/learn/vs/distilled-water; https://bacwater.ai/learn/vs/benzyl-alcohol; https://bacwater.ai/learn/vs/acetic-acid; https://bacwater.ai/learn/vs/reconstitution-solution; https://bacwater.ai/learn/what-syringe-units-mean; https://bacwater.ai/learn/how-peptide-reconstitution-works; https://bacwater.ai/learn/how-to-read-a-peptide-vial; https://bacwater.ai/learn/how-to-reconstitute-tirzepatide; https://bacwater.ai/learn/how-to-read-an-insulin-syringe; https://bacwater.ai/learn/peptide-reconstitution-chart; https://bacwater.ai/learn/insulin-syringe-sizes; https://bacwater.ai/learn/too-much-bac-water; https://bacwater.ai/learn/how-to-reconstitute-bpc-157; https://bacwater.ai/learn/what-is-bac-water; https://bacwater.ai/learn/how-to-use-an-insulin-syringe; https://bacwater.ai/learn/how-to-store-reconstituted-peptides; https://bacwater.ai/learn/common-mistakes-to-avoid; https://bacwater.ai/learn/how-to-reconstitute-semaglutide; https://bacwater.ai/learn?type=guide; https://bacwater.ai/learn?type=peptide-guide; https://bacwater.ai/learn?type=comparison; https://bacwater.ai/learn?topic=dosage; https://bacwater.ai/learn?topic=storage; https://bacwater.ai/learn?topic=safety; https://bacwater.ai/learn?topic=ingredients; https://bacwater.ai/learn?topic=injection-supplies; https://bacwater.ai/learn?topic=reconstitution-method; https://bacwater.ai/learn?peptide=bpc-157; https://bacwater.ai/learn?peptide=tb-500; https://bacwater.ai/learn?peptide=ipamorelin; https://bacwater.ai/learn?peptide=cjc-1295-no-dac; https://bacwater.ai/learn?peptide=cjc-1295-with-dac; https://bacwater.ai/learn?peptide=sermorelin; https://bacwater.ai/learn?peptide=hexarelin; https://bacwater.ai/learn?peptide=semaglutide; https://bacwater.ai/learn?peptide=tirzepatide; https://bacwater.ai/learn?peptide=retatrutide; https://bacwater.ai/learn?peptide=cagrilintide; https://bacwater.ai/learn?peptide=mots-c; https://bacwater.ai/learn?peptide=epithalon; https://bacwater.ai/learn?peptide=ghk-cu; https://bacwater.ai/learn?peptide=melanotan-2; https://bacwater.ai/learn?peptide=ss-31; https://bacwater.ai/learn?peptide=selank; https://bacwater.ai/learn?peptide=semax; https://bacwater.ai/learn?peptide=aod-9604; https://bacwater.ai/learn?peptide=kisspeptin-10; https://bacwater.ai/learn?peptide=pt-141; https://bacwater.ai/learn?peptide=hcg; https://bacwater.ai/learn?peptide=glow-blend; https://bacwater.ai/learn?peptide=custom; https://bacwater.ai/search; https://bacwater.ai/signin; https://bacwater.ai/signup; https://bacwater.ai/plans; https://bacwater.ai/plans/labels; https://bacwater.ai/forgot-password; https://bacwater.ai/reset-password; https://bacwater.ai/learn?type=faq; https://bacwater.ai/learn?type=buying-guide; https://bacwater.ai/learn?type=safety; https://bacwater.ai/learn?topic=where-to-buy,NOT TESTED in this live audit: shared browser approval blocked
https://bacwater.ai/learn/what-syringe-units-mean,200,https://bacwater.ai/learn/what-syringe-units-mean,"U-100 Units, mL & Mass: What Each Means | BACwater.ai",1,sitemap; https://bacwater.ai/; https://bacwater.ai/learn; https://bacwater.ai/sitemap; https://bacwater.ai/peptides/tb-500; https://bacwater.ai/peptides/ipamorelin; https://bacwater.ai/peptides/cjc-1295-no-dac; https://bacwater.ai/peptides/cjc-1295-with-dac; https://bacwater.ai/peptides/sermorelin; https://bacwater.ai/peptides/hexarelin; https://bacwater.ai/peptides/retatrutide; https://bacwater.ai/peptides/cagrilintide; https://bacwater.ai/peptides/mots-c; https://bacwater.ai/peptides/epithalon; https://bacwater.ai/peptides/ghk-cu; https://bacwater.ai/peptides/melanotan-2; https://bacwater.ai/peptides/ss-31; https://bacwater.ai/peptides/selank; https://bacwater.ai/peptides/semax; https://bacwater.ai/peptides/aod-9604; https://bacwater.ai/peptides/kisspeptin-10; https://bacwater.ai/peptides/pt-141; https://bacwater.ai/peptides/hcg; https://bacwater.ai/peptides/glow-blend; https://bacwater.ai/peptides/custom; https://bacwater.ai/learn/how-to-reconstitute-tirzepatide; https://bacwater.ai/learn/how-to-read-an-insulin-syringe; https://bacwater.ai/learn/peptide-reconstitution-chart; https://bacwater.ai/learn/insulin-syringe-sizes; https://bacwater.ai/learn/how-to-use-an-insulin-syringe; https://bacwater.ai/learn/common-mistakes-to-avoid; https://bacwater.ai/learn/how-to-reconstitute-semaglutide; https://bacwater.ai/learn?type=guide; https://bacwater.ai/learn?topic=dosage; https://bacwater.ai/learn?topic=injection-supplies,NOT TESTED in this live audit: shared browser approval blocked
https://bacwater.ai/learn/what-you-cannot-know,200,https://bacwater.ai/learn/what-you-cannot-know,Peptide Calculator Limits: What Math Cannot Verify | BACwater.ai,1,sitemap; https://bacwater.ai/embed; https://bacwater.ai/peptide-calculator; https://bacwater.ai/peptides; https://bacwater.ai/peptides/compare; https://bacwater.ai/learn; https://bacwater.ai/faq; https://bacwater.ai/sitemap; https://bacwater.ai/tools/bac-water; https://bacwater.ai/learn/glossary; https://bacwater.ai/learn/bac-water-shelf-life; https://bacwater.ai/editorial-policy; https://bacwater.ai/peptides/bpc-157; https://bacwater.ai/peptides/tb-500; https://bacwater.ai/peptides/ipamorelin; https://bacwater.ai/peptides/cjc-1295-no-dac; https://bacwater.ai/peptides/cjc-1295-with-dac; https://bacwater.ai/peptides/sermorelin; https://bacwater.ai/peptides/hexarelin; https://bacwater.ai/peptides/semaglutide; https://bacwater.ai/peptides/tirzepatide; https://bacwater.ai/peptides/retatrutide; https://bacwater.ai/peptides/cagrilintide; https://bacwater.ai/peptides/mots-c; https://bacwater.ai/peptides/epithalon; https://bacwater.ai/peptides/ghk-cu; https://bacwater.ai/peptides/melanotan-2; https://bacwater.ai/peptides/ss-31; https://bacwater.ai/peptides/selank; https://bacwater.ai/peptides/semax; https://bacwater.ai/peptides/aod-9604; https://bacwater.ai/peptides/kisspeptin-10; https://bacwater.ai/peptides/pt-141; https://bacwater.ai/peptides/hcg; https://bacwater.ai/peptides/glow-blend; https://bacwater.ai/peptides/custom; https://bacwater.ai/learn/vs/sterile-water; https://bacwater.ai/learn/vs/saline; https://bacwater.ai/learn/vs/sodium-chloride; https://bacwater.ai/learn/vs/distilled-water; https://bacwater.ai/learn/vs/benzyl-alcohol; https://bacwater.ai/learn/vs/acetic-acid; https://bacwater.ai/learn/vs/reconstitution-solution; https://bacwater.ai/learn/how-to-read-a-peptide-vial; https://bacwater.ai/learn/too-much-bac-water; https://bacwater.ai/learn/how-to-reconstitute-bpc-157; https://bacwater.ai/learn/what-is-bac-water; https://bacwater.ai/learn/how-to-store-reconstituted-peptides; https://bacwater.ai/learn?type=guide; https://bacwater.ai/learn?topic=storage; https://bacwater.ai/learn?topic=safety; https://bacwater.ai/calculate/product/glp-1; https://bacwater.ai/calculate/product/glp-2; https://bacwater.ai/calculate/product/glp-3; https://bacwater.ai/calculate/product/bpc-157; https://bacwater.ai/calculate/product/ghk-cu; https://bacwater.ai/calculate/product/tb-500; https://bacwater.ai/calculate/product/tesamorlin; https://bacwater.ai/calculate/product/mots-c; https://bacwater.ai/calculate/product/nad-plus; https://bacwater.ai/calculate/product/kpv; https://bacwater.ai/calculate/product/semax; https://bacwater.ai/calculate/product/glutathione; https://bacwater.ai/calculate/product/melanotan-ii; https://bacwater.ai/calculate/product/selank; https://bacwater.ai/calculate/product/melanotan-i; https://bacwater.ai/calculate/product/igf-1-lr3; https://bacwater.ai/calculate/product/5-amino-1mq; https://bacwater.ai/calculate/product/pt-141; https://bacwater.ai/calculate/product/cagrilintide; https://bacwater.ai/calculate/product/aod-9604; https://bacwater.ai/calculate/product/dsip; https://bacwater.ai/calculate/product/epithalon; https://bacwater.ai/calculate/product/ipamorelin; https://bacwater.ai/calculate/product/snap-8; https://bacwater.ai/calculate/product/thymosin-alpha-1; https://bacwater.ai/calculate/product/ll-37; https://bacwater.ai/calculate/product/cartalax; https://bacwater.ai/calculate/product/sermorelin; https://bacwater.ai/calculate/product/kisspeptin; https://bacwater.ai/calculate/product/dihexa; https://bacwater.ai/calculate/product/vip; https://bacwater.ai/calculate/product/ara-290; https://bacwater.ai/calculate/product/pinealon; https://bacwater.ai/calculate/product/ahk-cu,NOT TESTED in this live audit: shared browser approval blocked
https://bacwater.ai/learn/where-to-buy-bacteriostatic-water,200,https://bacwater.ai/learn/where-to-buy-bacteriostatic-water,Where to Buy BAC Water: Product and Seller Checks | BACwater.ai,1,sitemap; https://bacwater.ai/research-finder; https://bacwater.ai/products/amino-h2o; https://bacwater.ai/products/glp-1; https://bacwater.ai/products/glp-2; https://bacwater.ai/products/glp-3; https://bacwater.ai/products/bpc-157; https://bacwater.ai/products/ghk-cu; https://bacwater.ai/products/tb-500; https://bacwater.ai/products/tesamorlin; https://bacwater.ai/products/mots-c; https://bacwater.ai/products/nad-plus; https://bacwater.ai/products/cjc-ipa-no-dac; https://bacwater.ai/products/kpv; https://bacwater.ai/products/klow; https://bacwater.ai/products/semax; https://bacwater.ai/products/glutathione; https://bacwater.ai/products/melanotan-ii; https://bacwater.ai/products/glow; https://bacwater.ai/products/selank; https://bacwater.ai/products/melanotan-i; https://bacwater.ai/products/igf-1-lr3; https://bacwater.ai/products/5-amino-1mq; https://bacwater.ai/products/wolverine-stack; https://bacwater.ai/products/pt-141; https://bacwater.ai/products/cagrilintide; https://bacwater.ai/products/aod-9604; https://bacwater.ai/products/dsip; https://bacwater.ai/products/epithalon; https://bacwater.ai/products/ipamorelin; https://bacwater.ai/products/snap-8; https://bacwater.ai/products/thymosin-alpha-1; https://bacwater.ai/products/ghkcu-spray; https://bacwater.ai/products/nad-plus-spray; https://bacwater.ai/products/semax-spray; https://bacwater.ai/products/selank-spray; https://bacwater.ai/products/pt-141-spray; https://bacwater.ai/products/melanotan-ii-spray; https://bacwater.ai/products/ll-37; https://bacwater.ai/products/cartalax; https://bacwater.ai/products/sermorelin; https://bacwater.ai/products/kisspeptin; https://bacwater.ai/products/dihexa; https://bacwater.ai/products/vip; https://bacwater.ai/products/ara-290; https://bacwater.ai/products/dsip-spray; https://bacwater.ai/products/adalank-spray; https://bacwater.ai/products/adamax-spray; https://bacwater.ai/products/bpc-tb-spray; https://bacwater.ai/products/bpc-spray; https://bacwater.ai/products/pinealon; https://bacwater.ai/products/ahk-cu; https://bacwater.ai/share-tools; https://bacwater.ai/recommendations; https://bacwater.ai/embed; https://bacwater.ai/methodology; https://bacwater.ai/compare-calculators; https://bacwater.ai/; https://bacwater.ai/peptides; https://bacwater.ai/peptides/compare; https://bacwater.ai/learn; https://bacwater.ai/faq; https://bacwater.ai/sitemap; https://bacwater.ai/tools; https://bacwater.ai/tools/vial-labels; https://bacwater.ai/learn/glossary; https://bacwater.ai/learn/bac-water-shelf-life; https://bacwater.ai/learn/where-to-buy-bacteriostatic-water; https://bacwater.ai/learn/bac-water-for-peptides; https://bacwater.ai/learn/what-you-cannot-know; https://bacwater.ai/about; https://bacwater.ai/contact; https://bacwater.ai/editorial-policy; https://bacwater.ai/preferred-source; https://bacwater.ai/terms; https://bacwater.ai/privacy; https://bacwater.ai/disclaimer; https://bacwater.ai/peptides/bpc-157; https://bacwater.ai/peptides/tb-500; https://bacwater.ai/peptides/ipamorelin; https://bacwater.ai/peptides/cjc-1295-no-dac; https://bacwater.ai/peptides/cjc-1295-with-dac; https://bacwater.ai/peptides/sermorelin; https://bacwater.ai/peptides/hexarelin; https://bacwater.ai/peptides/semaglutide; https://bacwater.ai/peptides/tirzepatide; https://bacwater.ai/peptides/retatrutide; https://bacwater.ai/peptides/cagrilintide; https://bacwater.ai/peptides/mots-c; https://bacwater.ai/peptides/epithalon; https://bacwater.ai/peptides/ghk-cu; https://bacwater.ai/peptides/melanotan-2; https://bacwater.ai/peptides/ss-31; https://bacwater.ai/peptides/selank; https://bacwater.ai/peptides/semax; https://bacwater.ai/peptides/aod-9604; https://bacwater.ai/peptides/kisspeptin-10; https://bacwater.ai/peptides/pt-141; https://bacwater.ai/peptides/hcg; https://bacwater.ai/peptides/glow-blend; https://bacwater.ai/peptides/custom; https://bacwater.ai/learn/vs/sterile-water; https://bacwater.ai/learn/vs/saline; https://bacwater.ai/learn/vs/sodium-chloride; https://bacwater.ai/learn/vs/distilled-water; https://bacwater.ai/learn/vs/benzyl-alcohol; https://bacwater.ai/learn/vs/acetic-acid; https://bacwater.ai/learn/vs/reconstitution-solution; https://bacwater.ai/learn/what-syringe-units-mean; https://bacwater.ai/learn/how-peptide-reconstitution-works; https://bacwater.ai/learn/how-to-read-a-peptide-vial; https://bacwater.ai/learn/how-to-reconstitute-tirzepatide; https://bacwater.ai/learn/how-to-read-an-insulin-syringe; https://bacwater.ai/learn/peptide-reconstitution-chart; https://bacwater.ai/learn/insulin-syringe-sizes; https://bacwater.ai/learn/too-much-bac-water; https://bacwater.ai/learn/how-to-reconstitute-bpc-157; https://bacwater.ai/learn/what-is-bac-water; https://bacwater.ai/learn/how-to-use-an-insulin-syringe; https://bacwater.ai/learn/how-to-store-reconstituted-peptides; https://bacwater.ai/learn/common-mistakes-to-avoid; https://bacwater.ai/learn/how-to-reconstitute-semaglutide; https://bacwater.ai/learn?type=guide; https://bacwater.ai/learn?type=peptide-guide; https://bacwater.ai/learn?type=comparison; https://bacwater.ai/learn?topic=dosage; https://bacwater.ai/learn?topic=storage; https://bacwater.ai/learn?topic=safety; https://bacwater.ai/learn?topic=ingredients; https://bacwater.ai/learn?topic=injection-supplies; https://bacwater.ai/learn?topic=reconstitution-method; https://bacwater.ai/learn?peptide=bpc-157; https://bacwater.ai/learn?peptide=tb-500; https://bacwater.ai/learn?peptide=ipamorelin; https://bacwater.ai/learn?peptide=cjc-1295-no-dac; https://bacwater.ai/learn?peptide=cjc-1295-with-dac; https://bacwater.ai/learn?peptide=sermorelin; https://bacwater.ai/learn?peptide=hexarelin; https://bacwater.ai/learn?peptide=semaglutide; https://bacwater.ai/learn?peptide=tirzepatide; https://bacwater.ai/learn?peptide=retatrutide; https://bacwater.ai/learn?peptide=cagrilintide; https://bacwater.ai/learn?peptide=mots-c; https://bacwater.ai/learn?peptide=epithalon; https://bacwater.ai/learn?peptide=ghk-cu; https://bacwater.ai/learn?peptide=melanotan-2; https://bacwater.ai/learn?peptide=ss-31; https://bacwater.ai/learn?peptide=selank; https://bacwater.ai/learn?peptide=semax; https://bacwater.ai/learn?peptide=aod-9604; https://bacwater.ai/learn?peptide=kisspeptin-10; https://bacwater.ai/learn?peptide=pt-141; https://bacwater.ai/learn?peptide=hcg; https://bacwater.ai/learn?peptide=glow-blend; https://bacwater.ai/learn?peptide=custom; https://bacwater.ai/search; https://bacwater.ai/signin; https://bacwater.ai/signup; https://bacwater.ai/plans; https://bacwater.ai/plans/labels; https://bacwater.ai/forgot-password; https://bacwater.ai/reset-password; https://bacwater.ai/learn?type=faq; https://bacwater.ai/learn?type=buying-guide; https://bacwater.ai/learn?type=safety; https://bacwater.ai/learn?topic=where-to-buy,NOT TESTED in this live audit: shared browser approval blocked
https://bacwater.ai/learn?peptide=aod-9604,200,https://bacwater.ai/learn?peptide=aod-9604,AOD-9604 References and Calculation Guides | BACwater.ai,1,source-filter-option,NOT TESTED in this live audit: shared browser approval blocked
https://bacwater.ai/learn?peptide=bpc-157,200,https://bacwater.ai/learn?peptide=bpc-157,BPC-157 References and Calculation Guides | BACwater.ai,1,source-filter-option,NOT TESTED in this live audit: shared browser approval blocked
https://bacwater.ai/learn?peptide=cagrilintide,200,https://bacwater.ai/learn?peptide=cagrilintide,Cagrilintide References and Calculation Guides | BACwater.ai,1,source-filter-option,NOT TESTED in this live audit: shared browser approval blocked
https://bacwater.ai/learn?peptide=cjc-1295-no-dac,200,https://bacwater.ai/learn?peptide=cjc-1295-no-dac,CJC-1295 (no DAC) References and Calculation Guides | BACwater.ai,1,source-filter-option,NOT TESTED in this live audit: shared browser approval blocked
https://bacwater.ai/learn?peptide=cjc-1295-with-dac,200,https://bacwater.ai/learn?peptide=cjc-1295-with-dac,CJC-1295 with DAC References and Calculation Guides | BACwater.ai,1,source-filter-option,NOT TESTED in this live audit: shared browser approval blocked
https://bacwater.ai/learn?peptide=custom,200,https://bacwater.ai/learn?peptide=custom,Other / Custom References and Calculation Guides | BACwater.ai,1,source-filter-option,NOT TESTED in this live audit: shared browser approval blocked
https://bacwater.ai/learn?peptide=epithalon,200,https://bacwater.ai/learn?peptide=epithalon,Epithalon References and Calculation Guides | BACwater.ai,1,source-filter-option,NOT TESTED in this live audit: shared browser approval blocked
https://bacwater.ai/learn?peptide=ghk-cu,200,https://bacwater.ai/learn?peptide=ghk-cu,GHK-Cu References and Calculation Guides | BACwater.ai,1,source-filter-option,NOT TESTED in this live audit: shared browser approval blocked
https://bacwater.ai/learn?peptide=glow-blend,200,https://bacwater.ai/learn?peptide=glow-blend,GLOW References and Calculation Guides | BACwater.ai,1,source-filter-option,NOT TESTED in this live audit: shared browser approval blocked
https://bacwater.ai/learn?peptide=hcg,200,https://bacwater.ai/learn?peptide=hcg,HCG References and Calculation Guides | BACwater.ai,1,source-filter-option,NOT TESTED in this live audit: shared browser approval blocked
https://bacwater.ai/learn?peptide=hexarelin,200,https://bacwater.ai/learn?peptide=hexarelin,Hexarelin References and Calculation Guides | BACwater.ai,1,source-filter-option,NOT TESTED in this live audit: shared browser approval blocked
https://bacwater.ai/learn?peptide=ipamorelin,200,https://bacwater.ai/learn?peptide=ipamorelin,Ipamorelin References and Calculation Guides | BACwater.ai,1,source-filter-option,NOT TESTED in this live audit: shared browser approval blocked
https://bacwater.ai/learn?peptide=kisspeptin-10,200,https://bacwater.ai/learn?peptide=kisspeptin-10,Kisspeptin-10 References and Calculation Guides | BACwater.ai,1,source-filter-option,NOT TESTED in this live audit: shared browser approval blocked
https://bacwater.ai/learn?peptide=melanotan-2,200,https://bacwater.ai/learn?peptide=melanotan-2,Melanotan II References and Calculation Guides | BACwater.ai,1,source-filter-option,NOT TESTED in this live audit: shared browser approval blocked
https://bacwater.ai/learn?peptide=mots-c,200,https://bacwater.ai/learn?peptide=mots-c,MOTS-c References and Calculation Guides | BACwater.ai,1,source-filter-option,NOT TESTED in this live audit: shared browser approval blocked
https://bacwater.ai/learn?peptide=pt-141,200,https://bacwater.ai/learn?peptide=pt-141,PT-141 References and Calculation Guides | BACwater.ai,1,source-filter-option,NOT TESTED in this live audit: shared browser approval blocked
https://bacwater.ai/learn?peptide=retatrutide,200,https://bacwater.ai/learn?peptide=retatrutide,Retatrutide References and Calculation Guides | BACwater.ai,1,source-filter-option,NOT TESTED in this live audit: shared browser approval blocked
https://bacwater.ai/learn?peptide=selank,200,https://bacwater.ai/learn?peptide=selank,Selank References and Calculation Guides | BACwater.ai,1,source-filter-option,NOT TESTED in this live audit: shared browser approval blocked
https://bacwater.ai/learn?peptide=semaglutide,200,https://bacwater.ai/learn?peptide=semaglutide,Semaglutide References and Calculation Guides | BACwater.ai,1,source-filter-option,NOT TESTED in this live audit: shared browser approval blocked
https://bacwater.ai/learn?peptide=semax,200,https://bacwater.ai/learn?peptide=semax,Semax References and Calculation Guides | BACwater.ai,1,source-filter-option,NOT TESTED in this live audit: shared browser approval blocked
https://bacwater.ai/learn?peptide=sermorelin,200,https://bacwater.ai/learn?peptide=sermorelin,Sermorelin References and Calculation Guides | BACwater.ai,1,source-filter-option,NOT TESTED in this live audit: shared browser approval blocked
https://bacwater.ai/learn?peptide=ss-31,200,https://bacwater.ai/learn?peptide=ss-31,SS-31 References and Calculation Guides | BACwater.ai,1,source-filter-option,NOT TESTED in this live audit: shared browser approval blocked
https://bacwater.ai/learn?peptide=tb-500,200,https://bacwater.ai/learn?peptide=tb-500,TB-500 References and Calculation Guides | BACwater.ai,1,source-filter-option,NOT TESTED in this live audit: shared browser approval blocked
https://bacwater.ai/learn?peptide=tirzepatide,200,https://bacwater.ai/learn?peptide=tirzepatide,Tirzepatide References and Calculation Guides | BACwater.ai,1,source-filter-option,NOT TESTED in this live audit: shared browser approval blocked
https://bacwater.ai/learn?topic=dosage,200,https://bacwater.ai/learn?topic=dosage,"Amounts, Concentration and Syringe Units | BACwater.ai",1,sitemap; https://bacwater.ai/learn; https://bacwater.ai/sitemap; https://bacwater.ai/learn?topic=storage; https://bacwater.ai/learn?topic=safety; https://bacwater.ai/learn?topic=ingredients; https://bacwater.ai/learn?topic=injection-supplies; https://bacwater.ai/learn?topic=reconstitution-method; https://bacwater.ai/learn?topic=where-to-buy,NOT TESTED in this live audit: shared browser approval blocked
https://bacwater.ai/learn?topic=ingredients,200,https://bacwater.ai/learn?topic=ingredients,BAC Water Ingredients and Solution Labels | BACwater.ai,1,sitemap; https://bacwater.ai/learn; https://bacwater.ai/sitemap; https://bacwater.ai/learn?topic=dosage; https://bacwater.ai/learn?topic=storage; https://bacwater.ai/learn?topic=safety; https://bacwater.ai/learn?topic=injection-supplies; https://bacwater.ai/learn?topic=reconstitution-method; https://bacwater.ai/learn?topic=where-to-buy,NOT TESTED in this live audit: shared browser approval blocked
https://bacwater.ai/learn?topic=injection-supplies,200,https://bacwater.ai/learn?topic=injection-supplies,Syringe Scales and Measurement Supplies | BACwater.ai,1,sitemap; https://bacwater.ai/learn; https://bacwater.ai/sitemap; https://bacwater.ai/learn?topic=dosage; https://bacwater.ai/learn?topic=storage; https://bacwater.ai/learn?topic=safety; https://bacwater.ai/learn?topic=ingredients; https://bacwater.ai/learn?topic=reconstitution-method; https://bacwater.ai/learn?topic=where-to-buy,NOT TESTED in this live audit: shared browser approval blocked
https://bacwater.ai/learn?topic=reconstitution-method,200,https://bacwater.ai/learn?topic=reconstitution-method,Peptide Reconstitution Basics and Math | BACwater.ai,1,sitemap; https://bacwater.ai/learn; https://bacwater.ai/sitemap; https://bacwater.ai/learn?topic=dosage; https://bacwater.ai/learn?topic=storage; https://bacwater.ai/learn?topic=safety; https://bacwater.ai/learn?topic=ingredients; https://bacwater.ai/learn?topic=injection-supplies; https://bacwater.ai/learn?topic=where-to-buy,NOT TESTED in this live audit: shared browser approval blocked
https://bacwater.ai/learn?topic=safety,200,https://bacwater.ai/learn?topic=safety,BAC Water Safety and Calculation Limits | BACwater.ai,1,sitemap; https://bacwater.ai/learn; https://bacwater.ai/sitemap; https://bacwater.ai/learn?topic=dosage; https://bacwater.ai/learn?topic=storage; https://bacwater.ai/learn?topic=ingredients; https://bacwater.ai/learn?topic=injection-supplies; https://bacwater.ai/learn?topic=reconstitution-method; https://bacwater.ai/learn?topic=where-to-buy,NOT TESTED in this live audit: shared browser approval blocked
https://bacwater.ai/learn?topic=storage,200,https://bacwater.ai/learn?topic=storage,BAC Water Storage and Shelf Life | BACwater.ai,1,sitemap; https://bacwater.ai/learn; https://bacwater.ai/sitemap; https://bacwater.ai/learn?topic=dosage; https://bacwater.ai/learn?topic=safety; https://bacwater.ai/learn?topic=ingredients; https://bacwater.ai/learn?topic=injection-supplies; https://bacwater.ai/learn?topic=reconstitution-method; https://bacwater.ai/learn?topic=where-to-buy,NOT TESTED in this live audit: shared browser approval blocked
https://bacwater.ai/learn?topic=where-to-buy,200,https://bacwater.ai/learn?topic=where-to-buy,Where to Buy BAC Water: Supplier and Product Checks | BACwater.ai,1,https://bacwater.ai/learn; https://bacwater.ai/learn?topic=dosage; https://bacwater.ai/learn?topic=storage; https://bacwater.ai/learn?topic=safety; https://bacwater.ai/learn?topic=ingredients; https://bacwater.ai/learn?topic=injection-supplies; https://bacwater.ai/learn?topic=reconstitution-method,NOT TESTED in this live audit: shared browser approval blocked
https://bacwater.ai/learn?type=buying-guide,200,https://bacwater.ai/learn?type=buying-guide,BAC Water Buying and Label Guides | BACwater.ai,1,https://bacwater.ai/learn; https://bacwater.ai/learn?type=guide; https://bacwater.ai/learn?type=peptide-guide; https://bacwater.ai/learn?type=comparison; https://bacwater.ai/learn?type=faq; https://bacwater.ai/learn?type=safety,NOT TESTED in this live audit: shared browser approval blocked
https://bacwater.ai/learn?type=comparison,200,https://bacwater.ai/learn?type=comparison,BAC Water and Diluent Comparisons | BACwater.ai,1,sitemap; https://bacwater.ai/learn; https://bacwater.ai/sitemap; https://bacwater.ai/learn?type=guide; https://bacwater.ai/learn?type=peptide-guide; https://bacwater.ai/learn?type=faq; https://bacwater.ai/learn?type=buying-guide; https://bacwater.ai/learn?type=safety,NOT TESTED in this live audit: shared browser approval blocked
https://bacwater.ai/learn?type=faq,200,https://bacwater.ai/learn?type=faq,BAC Water Questions and Calculation Checks | BACwater.ai,1,https://bacwater.ai/learn; https://bacwater.ai/learn?type=guide; https://bacwater.ai/learn?type=peptide-guide; https://bacwater.ai/learn?type=comparison; https://bacwater.ai/learn?type=buying-guide; https://bacwater.ai/learn?type=safety,NOT TESTED in this live audit: shared browser approval blocked
https://bacwater.ai/learn?type=guide,200,https://bacwater.ai/learn?type=guide,BAC Water and Reconstitution Guides | BACwater.ai,1,sitemap; https://bacwater.ai/learn; https://bacwater.ai/sitemap; https://bacwater.ai/learn?type=peptide-guide; https://bacwater.ai/learn?type=comparison; https://bacwater.ai/learn?type=faq; https://bacwater.ai/learn?type=buying-guide; https://bacwater.ai/learn?type=safety,NOT TESTED in this live audit: shared browser approval blocked
https://bacwater.ai/learn?type=peptide-guide,200,https://bacwater.ai/learn?type=peptide-guide,Peptide References and Calculation Examples | BACwater.ai,1,sitemap; https://bacwater.ai/learn; https://bacwater.ai/sitemap; https://bacwater.ai/learn?type=guide; https://bacwater.ai/learn?type=comparison; https://bacwater.ai/learn?type=faq; https://bacwater.ai/learn?type=buying-guide; https://bacwater.ai/learn?type=safety,NOT TESTED in this live audit: shared browser approval blocked
https://bacwater.ai/learn?type=safety,200,https://bacwater.ai/learn?type=safety,BAC Water Safety and Calculation Limits | BACwater.ai,1,https://bacwater.ai/learn; https://bacwater.ai/sitemap; https://bacwater.ai/learn?type=guide; https://bacwater.ai/learn?type=peptide-guide; https://bacwater.ai/learn?type=comparison; https://bacwater.ai/learn?type=faq; https://bacwater.ai/learn?type=buying-guide,NOT TESTED in this live audit: shared browser approval blocked
https://bacwater.ai/methodology,200,https://bacwater.ai/methodology,"Calculator Formulas, Units and Rounding Limits | BACwater.ai",1,sitemap; https://bacwater.ai/research-finder; https://bacwater.ai/products/amino-h2o; https://bacwater.ai/products/glp-1; https://bacwater.ai/products/glp-2; https://bacwater.ai/products/glp-3; https://bacwater.ai/products/bpc-157; https://bacwater.ai/products/ghk-cu; https://bacwater.ai/products/tb-500; https://bacwater.ai/products/tesamorlin; https://bacwater.ai/products/mots-c; https://bacwater.ai/products/nad-plus; https://bacwater.ai/products/cjc-ipa-no-dac; https://bacwater.ai/products/kpv; https://bacwater.ai/products/klow; https://bacwater.ai/products/semax; https://bacwater.ai/products/glutathione; https://bacwater.ai/products/melanotan-ii; https://bacwater.ai/products/glow; https://bacwater.ai/products/selank; https://bacwater.ai/products/melanotan-i; https://bacwater.ai/products/igf-1-lr3; https://bacwater.ai/products/5-amino-1mq; https://bacwater.ai/products/wolverine-stack; https://bacwater.ai/products/pt-141; https://bacwater.ai/products/cagrilintide; https://bacwater.ai/products/aod-9604; https://bacwater.ai/products/dsip; https://bacwater.ai/products/epithalon; https://bacwater.ai/products/ipamorelin; https://bacwater.ai/products/snap-8; https://bacwater.ai/products/thymosin-alpha-1; https://bacwater.ai/products/ghkcu-spray; https://bacwater.ai/products/nad-plus-spray; https://bacwater.ai/products/semax-spray; https://bacwater.ai/products/selank-spray; https://bacwater.ai/products/pt-141-spray; https://bacwater.ai/products/melanotan-ii-spray; https://bacwater.ai/products/ll-37; https://bacwater.ai/products/cartalax; https://bacwater.ai/products/sermorelin; https://bacwater.ai/products/kisspeptin; https://bacwater.ai/products/dihexa; https://bacwater.ai/products/vip; https://bacwater.ai/products/ara-290; https://bacwater.ai/products/dsip-spray; https://bacwater.ai/products/adalank-spray; https://bacwater.ai/products/adamax-spray; https://bacwater.ai/products/bpc-tb-spray; https://bacwater.ai/products/bpc-spray; https://bacwater.ai/products/pinealon; https://bacwater.ai/products/ahk-cu; https://bacwater.ai/share-tools; https://bacwater.ai/recommendations; https://bacwater.ai/embed; https://bacwater.ai/methodology; https://bacwater.ai/compare-calculators; https://bacwater.ai/; https://bacwater.ai/peptide-calculator; https://bacwater.ai/plan; https://bacwater.ai/peptides; https://bacwater.ai/peptides/compare; https://bacwater.ai/learn; https://bacwater.ai/faq; https://bacwater.ai/sitemap; https://bacwater.ai/tools; https://bacwater.ai/tools/bac-water; https://bacwater.ai/tools/dose; https://bacwater.ai/tools/syringe-units; https://bacwater.ai/tools/mg-to-mcg; https://bacwater.ai/tools/supplies; https://bacwater.ai/tools/reverse-bac; https://bacwater.ai/tools/vial-labels; https://bacwater.ai/learn/glossary; https://bacwater.ai/learn/bac-water-shelf-life; https://bacwater.ai/learn/where-to-buy-bacteriostatic-water; https://bacwater.ai/learn/bac-water-for-peptides; https://bacwater.ai/learn/what-you-cannot-know; https://bacwater.ai/about; https://bacwater.ai/contact; https://bacwater.ai/editorial-policy; https://bacwater.ai/preferred-source; https://bacwater.ai/terms; https://bacwater.ai/privacy; https://bacwater.ai/disclaimer; https://bacwater.ai/peptides/bpc-157; https://bacwater.ai/peptides/tb-500; https://bacwater.ai/peptides/ipamorelin; https://bacwater.ai/peptides/cjc-1295-no-dac; https://bacwater.ai/peptides/cjc-1295-with-dac; https://bacwater.ai/peptides/sermorelin; https://bacwater.ai/peptides/hexarelin; https://bacwater.ai/peptides/semaglutide; https://bacwater.ai/peptides/tirzepatide; https://bacwater.ai/peptides/retatrutide; https://bacwater.ai/peptides/cagrilintide; https://bacwater.ai/peptides/mots-c; https://bacwater.ai/peptides/epithalon; https://bacwater.ai/peptides/ghk-cu; https://bacwater.ai/peptides/melanotan-2; https://bacwater.ai/peptides/ss-31; https://bacwater.ai/peptides/selank; https://bacwater.ai/peptides/semax; https://bacwater.ai/peptides/aod-9604; https://bacwater.ai/peptides/kisspeptin-10; https://bacwater.ai/peptides/pt-141; https://bacwater.ai/peptides/hcg; https://bacwater.ai/peptides/glow-blend; https://bacwater.ai/peptides/custom; https://bacwater.ai/learn/vs/sterile-water; https://bacwater.ai/learn/vs/saline; https://bacwater.ai/learn/vs/sodium-chloride; https://bacwater.ai/learn/vs/distilled-water; https://bacwater.ai/learn/vs/benzyl-alcohol; https://bacwater.ai/learn/vs/acetic-acid; https://bacwater.ai/learn/vs/reconstitution-solution; https://bacwater.ai/learn/what-syringe-units-mean; https://bacwater.ai/learn/how-peptide-reconstitution-works; https://bacwater.ai/learn/how-to-read-a-peptide-vial; https://bacwater.ai/learn/how-to-reconstitute-tirzepatide; https://bacwater.ai/learn/how-to-read-an-insulin-syringe; https://bacwater.ai/learn/peptide-reconstitution-chart; https://bacwater.ai/learn/insulin-syringe-sizes; https://bacwater.ai/learn/too-much-bac-water; https://bacwater.ai/learn/how-to-reconstitute-bpc-157; https://bacwater.ai/learn/what-is-bac-water; https://bacwater.ai/learn/how-to-use-an-insulin-syringe; https://bacwater.ai/learn/how-to-store-reconstituted-peptides; https://bacwater.ai/learn/common-mistakes-to-avoid; https://bacwater.ai/learn/how-to-reconstitute-semaglutide; https://bacwater.ai/learn?type=guide; https://bacwater.ai/learn?type=peptide-guide; https://bacwater.ai/learn?type=comparison; https://bacwater.ai/learn?topic=dosage; https://bacwater.ai/learn?topic=storage; https://bacwater.ai/learn?topic=safety; https://bacwater.ai/learn?topic=ingredients; https://bacwater.ai/learn?topic=injection-supplies; https://bacwater.ai/learn?topic=reconstitution-method; https://bacwater.ai/learn?peptide=bpc-157; https://bacwater.ai/learn?peptide=tb-500; https://bacwater.ai/learn?peptide=ipamorelin; https://bacwater.ai/learn?peptide=cjc-1295-no-dac; https://bacwater.ai/learn?peptide=cjc-1295-with-dac; https://bacwater.ai/learn?peptide=sermorelin; https://bacwater.ai/learn?peptide=hexarelin; https://bacwater.ai/learn?peptide=semaglutide; https://bacwater.ai/learn?peptide=tirzepatide; https://bacwater.ai/learn?peptide=retatrutide; https://bacwater.ai/learn?peptide=cagrilintide; https://bacwater.ai/learn?peptide=mots-c; https://bacwater.ai/learn?peptide=epithalon; https://bacwater.ai/learn?peptide=ghk-cu; https://bacwater.ai/learn?peptide=melanotan-2; https://bacwater.ai/learn?peptide=ss-31; https://bacwater.ai/learn?peptide=selank; https://bacwater.ai/learn?peptide=semax; https://bacwater.ai/learn?peptide=aod-9604; https://bacwater.ai/learn?peptide=kisspeptin-10; https://bacwater.ai/learn?peptide=pt-141; https://bacwater.ai/learn?peptide=hcg; https://bacwater.ai/learn?peptide=glow-blend; https://bacwater.ai/learn?peptide=custom; https://bacwater.ai/search; https://bacwater.ai/signin; https://bacwater.ai/signup; https://bacwater.ai/plans; https://bacwater.ai/plans/labels; https://bacwater.ai/plan/new; https://bacwater.ai/forgot-password; https://bacwater.ai/reset-password; https://bacwater.ai/calculate/product/amino-h2o; https://bacwater.ai/calculate/product/glp-1; https://bacwater.ai/calculate/product/glp-2; https://bacwater.ai/calculate/product/glp-3; https://bacwater.ai/calculate/product/bpc-157; https://bacwater.ai/calculate/product/ghk-cu; https://bacwater.ai/calculate/product/tb-500; https://bacwater.ai/calculate/product/tesamorlin; https://bacwater.ai/calculate/product/mots-c; https://bacwater.ai/calculate/product/nad-plus; https://bacwater.ai/calculate/product/cjc-ipa-no-dac; https://bacwater.ai/calculate/product/kpv; https://bacwater.ai/calculate/product/klow; https://bacwater.ai/calculate/product/semax; https://bacwater.ai/calculate/product/glutathione; https://bacwater.ai/calculate/product/melanotan-ii; https://bacwater.ai/calculate/product/glow; https://bacwater.ai/calculate/product/selank; https://bacwater.ai/calculate/product/melanotan-i; https://bacwater.ai/calculate/product/igf-1-lr3; https://bacwater.ai/calculate/product/5-amino-1mq; https://bacwater.ai/calculate/product/wolverine-stack; https://bacwater.ai/calculate/product/pt-141; https://bacwater.ai/calculate/product/cagrilintide; https://bacwater.ai/calculate/product/aod-9604; https://bacwater.ai/calculate/product/dsip; https://bacwater.ai/calculate/product/epithalon; https://bacwater.ai/calculate/product/ipamorelin; https://bacwater.ai/calculate/product/snap-8; https://bacwater.ai/calculate/product/thymosin-alpha-1; https://bacwater.ai/calculate/product/ghkcu-spray; https://bacwater.ai/calculate/product/nad-plus-spray; https://bacwater.ai/calculate/product/semax-spray; https://bacwater.ai/calculate/product/selank-spray; https://bacwater.ai/calculate/product/pt-141-spray; https://bacwater.ai/calculate/product/melanotan-ii-spray; https://bacwater.ai/calculate/product/ll-37; https://bacwater.ai/calculate/product/cartalax; https://bacwater.ai/calculate/product/sermorelin; https://bacwater.ai/calculate/product/kisspeptin; https://bacwater.ai/calculate/product/dihexa; https://bacwater.ai/calculate/product/vip; https://bacwater.ai/calculate/product/ara-290; https://bacwater.ai/calculate/product/dsip-spray; https://bacwater.ai/calculate/product/adalank-spray; https://bacwater.ai/calculate/product/adamax-spray; https://bacwater.ai/calculate/product/bpc-tb-spray; https://bacwater.ai/calculate/product/bpc-spray; https://bacwater.ai/calculate/product/pinealon; https://bacwater.ai/calculate/product/ahk-cu; https://bacwater.ai/learn?type=faq; https://bacwater.ai/learn?type=buying-guide; https://bacwater.ai/learn?type=safety; https://bacwater.ai/learn?topic=where-to-buy; https://bacwater.ai/calculate/bpc-157; https://bacwater.ai/calculate/tb-500; https://bacwater.ai/calculate/ipamorelin; https://bacwater.ai/calculate/cjc-1295-no-dac; https://bacwater.ai/calculate/cjc-1295-with-dac; https://bacwater.ai/calculate/sermorelin; https://bacwater.ai/calculate/hexarelin; https://bacwater.ai/calculate/semaglutide; https://bacwater.ai/calculate/tirzepatide; https://bacwater.ai/calculate/retatrutide; https://bacwater.ai/calculate/cagrilintide; https://bacwater.ai/calculate/mots-c; https://bacwater.ai/calculate/epithalon; https://bacwater.ai/calculate/ghk-cu; https://bacwater.ai/calculate/melanotan-2; https://bacwater.ai/calculate/ss-31; https://bacwater.ai/calculate/selank; https://bacwater.ai/calculate/semax; https://bacwater.ai/calculate/aod-9604; https://bacwater.ai/calculate/kisspeptin-10; https://bacwater.ai/calculate/pt-141; https://bacwater.ai/calculate/hcg; https://bacwater.ai/calculate/glow-blend; https://bacwater.ai/calculate/custom,NOT TESTED in this live audit: shared browser approval blocked
https://bacwater.ai/peptide-calculator,200,https://bacwater.ai/peptide-calculator,Peptide Reconstitution Calculator | BACwater.ai,1,sitemap; https://bacwater.ai/research-finder; https://bacwater.ai/products/amino-h2o; https://bacwater.ai/products/glp-1; https://bacwater.ai/products/glp-2; https://bacwater.ai/products/glp-3; https://bacwater.ai/products/bpc-157; https://bacwater.ai/products/ghk-cu; https://bacwater.ai/products/tb-500; https://bacwater.ai/products/tesamorlin; https://bacwater.ai/products/mots-c; https://bacwater.ai/products/nad-plus; https://bacwater.ai/products/cjc-ipa-no-dac; https://bacwater.ai/products/kpv; https://bacwater.ai/products/klow; https://bacwater.ai/products/semax; https://bacwater.ai/products/glutathione; https://bacwater.ai/products/melanotan-ii; https://bacwater.ai/products/glow; https://bacwater.ai/products/selank; https://bacwater.ai/products/melanotan-i; https://bacwater.ai/products/igf-1-lr3; https://bacwater.ai/products/5-amino-1mq; https://bacwater.ai/products/wolverine-stack; https://bacwater.ai/products/pt-141; https://bacwater.ai/products/cagrilintide; https://bacwater.ai/products/aod-9604; https://bacwater.ai/products/dsip; https://bacwater.ai/products/epithalon; https://bacwater.ai/products/ipamorelin; https://bacwater.ai/products/snap-8; https://bacwater.ai/products/thymosin-alpha-1; https://bacwater.ai/products/ghkcu-spray; https://bacwater.ai/products/nad-plus-spray; https://bacwater.ai/products/semax-spray; https://bacwater.ai/products/selank-spray; https://bacwater.ai/products/pt-141-spray; https://bacwater.ai/products/melanotan-ii-spray; https://bacwater.ai/products/ll-37; https://bacwater.ai/products/cartalax; https://bacwater.ai/products/sermorelin; https://bacwater.ai/products/kisspeptin; https://bacwater.ai/products/dihexa; https://bacwater.ai/products/vip; https://bacwater.ai/products/ara-290; https://bacwater.ai/products/dsip-spray; https://bacwater.ai/products/adalank-spray; https://bacwater.ai/products/adamax-spray; https://bacwater.ai/products/bpc-tb-spray; https://bacwater.ai/products/bpc-spray; https://bacwater.ai/products/pinealon; https://bacwater.ai/products/ahk-cu; https://bacwater.ai/share-tools; https://bacwater.ai/recommendations; https://bacwater.ai/embed; https://bacwater.ai/methodology; https://bacwater.ai/compare-calculators; https://bacwater.ai/; https://bacwater.ai/peptides; https://bacwater.ai/peptides/compare; https://bacwater.ai/learn; https://bacwater.ai/faq; https://bacwater.ai/sitemap; https://bacwater.ai/tools; https://bacwater.ai/tools/syringe-units; https://bacwater.ai/tools/vial-labels; https://bacwater.ai/learn/glossary; https://bacwater.ai/learn/bac-water-shelf-life; https://bacwater.ai/learn/where-to-buy-bacteriostatic-water; https://bacwater.ai/learn/bac-water-for-peptides; https://bacwater.ai/learn/what-you-cannot-know; https://bacwater.ai/about; https://bacwater.ai/contact; https://bacwater.ai/editorial-policy; https://bacwater.ai/preferred-source; https://bacwater.ai/terms; https://bacwater.ai/privacy; https://bacwater.ai/disclaimer; https://bacwater.ai/peptides/bpc-157; https://bacwater.ai/peptides/tb-500; https://bacwater.ai/peptides/ipamorelin; https://bacwater.ai/peptides/cjc-1295-no-dac; https://bacwater.ai/peptides/cjc-1295-with-dac; https://bacwater.ai/peptides/sermorelin; https://bacwater.ai/peptides/hexarelin; https://bacwater.ai/peptides/semaglutide; https://bacwater.ai/peptides/tirzepatide; https://bacwater.ai/peptides/retatrutide; https://bacwater.ai/peptides/cagrilintide; https://bacwater.ai/peptides/mots-c; https://bacwater.ai/peptides/epithalon; https://bacwater.ai/peptides/ghk-cu; https://bacwater.ai/peptides/melanotan-2; https://bacwater.ai/peptides/ss-31; https://bacwater.ai/peptides/selank; https://bacwater.ai/peptides/semax; https://bacwater.ai/peptides/aod-9604; https://bacwater.ai/peptides/kisspeptin-10; https://bacwater.ai/peptides/pt-141; https://bacwater.ai/peptides/hcg; https://bacwater.ai/peptides/glow-blend; https://bacwater.ai/peptides/custom; https://bacwater.ai/learn/vs/sterile-water; https://bacwater.ai/learn/vs/saline; https://bacwater.ai/learn/vs/sodium-chloride; https://bacwater.ai/learn/vs/distilled-water; https://bacwater.ai/learn/vs/benzyl-alcohol; https://bacwater.ai/learn/vs/acetic-acid; https://bacwater.ai/learn/vs/reconstitution-solution; https://bacwater.ai/learn/what-syringe-units-mean; https://bacwater.ai/learn/how-peptide-reconstitution-works; https://bacwater.ai/learn/how-to-read-a-peptide-vial; https://bacwater.ai/learn/how-to-reconstitute-tirzepatide; https://bacwater.ai/learn/how-to-read-an-insulin-syringe; https://bacwater.ai/learn/peptide-reconstitution-chart; https://bacwater.ai/learn/insulin-syringe-sizes; https://bacwater.ai/learn/too-much-bac-water; https://bacwater.ai/learn/how-to-reconstitute-bpc-157; https://bacwater.ai/learn/what-is-bac-water; https://bacwater.ai/learn/how-to-use-an-insulin-syringe; https://bacwater.ai/learn/how-to-store-reconstituted-peptides; https://bacwater.ai/learn/common-mistakes-to-avoid; https://bacwater.ai/learn/how-to-reconstitute-semaglutide; https://bacwater.ai/learn?type=guide; https://bacwater.ai/learn?type=peptide-guide; https://bacwater.ai/learn?type=comparison; https://bacwater.ai/learn?topic=dosage; https://bacwater.ai/learn?topic=storage; https://bacwater.ai/learn?topic=safety; https://bacwater.ai/learn?topic=ingredients; https://bacwater.ai/learn?topic=injection-supplies; https://bacwater.ai/learn?topic=reconstitution-method; https://bacwater.ai/learn?peptide=bpc-157; https://bacwater.ai/learn?peptide=tb-500; https://bacwater.ai/learn?peptide=ipamorelin; https://bacwater.ai/learn?peptide=cjc-1295-no-dac; https://bacwater.ai/learn?peptide=cjc-1295-with-dac; https://bacwater.ai/learn?peptide=sermorelin; https://bacwater.ai/learn?peptide=hexarelin; https://bacwater.ai/learn?peptide=semaglutide; https://bacwater.ai/learn?peptide=tirzepatide; https://bacwater.ai/learn?peptide=retatrutide; https://bacwater.ai/learn?peptide=cagrilintide; https://bacwater.ai/learn?peptide=mots-c; https://bacwater.ai/learn?peptide=epithalon; https://bacwater.ai/learn?peptide=ghk-cu; https://bacwater.ai/learn?peptide=melanotan-2; https://bacwater.ai/learn?peptide=ss-31; https://bacwater.ai/learn?peptide=selank; https://bacwater.ai/learn?peptide=semax; https://bacwater.ai/learn?peptide=aod-9604; https://bacwater.ai/learn?peptide=kisspeptin-10; https://bacwater.ai/learn?peptide=pt-141; https://bacwater.ai/learn?peptide=hcg; https://bacwater.ai/learn?peptide=glow-blend; https://bacwater.ai/learn?peptide=custom; https://bacwater.ai/search; https://bacwater.ai/signin; https://bacwater.ai/signup; https://bacwater.ai/plans; https://bacwater.ai/plans/labels; https://bacwater.ai/forgot-password; https://bacwater.ai/reset-password; https://bacwater.ai/learn?type=faq; https://bacwater.ai/learn?type=buying-guide; https://bacwater.ai/learn?type=safety; https://bacwater.ai/learn?topic=where-to-buy,NOT TESTED in this live audit: shared browser approval blocked
https://bacwater.ai/peptides,200,https://bacwater.ai/peptides,Peptide Calculators and Compound References | BACwater.ai,1,sitemap; https://bacwater.ai/research-finder; https://bacwater.ai/products/amino-h2o; https://bacwater.ai/products/glp-1; https://bacwater.ai/products/glp-2; https://bacwater.ai/products/glp-3; https://bacwater.ai/products/bpc-157; https://bacwater.ai/products/ghk-cu; https://bacwater.ai/products/tb-500; https://bacwater.ai/products/tesamorlin; https://bacwater.ai/products/mots-c; https://bacwater.ai/products/nad-plus; https://bacwater.ai/products/cjc-ipa-no-dac; https://bacwater.ai/products/kpv; https://bacwater.ai/products/klow; https://bacwater.ai/products/semax; https://bacwater.ai/products/glutathione; https://bacwater.ai/products/melanotan-ii; https://bacwater.ai/products/glow; https://bacwater.ai/products/selank; https://bacwater.ai/products/melanotan-i; https://bacwater.ai/products/igf-1-lr3; https://bacwater.ai/products/5-amino-1mq; https://bacwater.ai/products/wolverine-stack; https://bacwater.ai/products/pt-141; https://bacwater.ai/products/cagrilintide; https://bacwater.ai/products/aod-9604; https://bacwater.ai/products/dsip; https://bacwater.ai/products/epithalon; https://bacwater.ai/products/ipamorelin; https://bacwater.ai/products/snap-8; https://bacwater.ai/products/thymosin-alpha-1; https://bacwater.ai/products/ghkcu-spray; https://bacwater.ai/products/nad-plus-spray; https://bacwater.ai/products/semax-spray; https://bacwater.ai/products/selank-spray; https://bacwater.ai/products/pt-141-spray; https://bacwater.ai/products/melanotan-ii-spray; https://bacwater.ai/products/ll-37; https://bacwater.ai/products/cartalax; https://bacwater.ai/products/sermorelin; https://bacwater.ai/products/kisspeptin; https://bacwater.ai/products/dihexa; https://bacwater.ai/products/vip; https://bacwater.ai/products/ara-290; https://bacwater.ai/products/dsip-spray; https://bacwater.ai/products/adalank-spray; https://bacwater.ai/products/adamax-spray; https://bacwater.ai/products/bpc-tb-spray; https://bacwater.ai/products/bpc-spray; https://bacwater.ai/products/pinealon; https://bacwater.ai/products/ahk-cu; https://bacwater.ai/share-tools; https://bacwater.ai/recommendations; https://bacwater.ai/embed; https://bacwater.ai/methodology; https://bacwater.ai/compare-calculators; https://bacwater.ai/; https://bacwater.ai/peptide-calculator; https://bacwater.ai/peptides; https://bacwater.ai/peptides/compare; https://bacwater.ai/learn; https://bacwater.ai/faq; https://bacwater.ai/sitemap; https://bacwater.ai/tools; https://bacwater.ai/tools/vial-labels; https://bacwater.ai/learn/glossary; https://bacwater.ai/learn/bac-water-shelf-life; https://bacwater.ai/learn/where-to-buy-bacteriostatic-water; https://bacwater.ai/learn/bac-water-for-peptides; https://bacwater.ai/learn/what-you-cannot-know; https://bacwater.ai/about; https://bacwater.ai/contact; https://bacwater.ai/editorial-policy; https://bacwater.ai/preferred-source; https://bacwater.ai/terms; https://bacwater.ai/privacy; https://bacwater.ai/disclaimer; https://bacwater.ai/peptides/bpc-157; https://bacwater.ai/peptides/tb-500; https://bacwater.ai/peptides/ipamorelin; https://bacwater.ai/peptides/cjc-1295-no-dac; https://bacwater.ai/peptides/cjc-1295-with-dac; https://bacwater.ai/peptides/sermorelin; https://bacwater.ai/peptides/hexarelin; https://bacwater.ai/peptides/semaglutide; https://bacwater.ai/peptides/tirzepatide; https://bacwater.ai/peptides/retatrutide; https://bacwater.ai/peptides/cagrilintide; https://bacwater.ai/peptides/mots-c; https://bacwater.ai/peptides/epithalon; https://bacwater.ai/peptides/ghk-cu; https://bacwater.ai/peptides/melanotan-2; https://bacwater.ai/peptides/ss-31; https://bacwater.ai/peptides/selank; https://bacwater.ai/peptides/semax; https://bacwater.ai/peptides/aod-9604; https://bacwater.ai/peptides/kisspeptin-10; https://bacwater.ai/peptides/pt-141; https://bacwater.ai/peptides/hcg; https://bacwater.ai/peptides/glow-blend; https://bacwater.ai/peptides/custom; https://bacwater.ai/learn/vs/sterile-water; https://bacwater.ai/learn/vs/saline; https://bacwater.ai/learn/vs/sodium-chloride; https://bacwater.ai/learn/vs/distilled-water; https://bacwater.ai/learn/vs/benzyl-alcohol; https://bacwater.ai/learn/vs/acetic-acid; https://bacwater.ai/learn/vs/reconstitution-solution; https://bacwater.ai/learn/what-syringe-units-mean; https://bacwater.ai/learn/how-peptide-reconstitution-works; https://bacwater.ai/learn/how-to-read-a-peptide-vial; https://bacwater.ai/learn/how-to-reconstitute-tirzepatide; https://bacwater.ai/learn/how-to-read-an-insulin-syringe; https://bacwater.ai/learn/peptide-reconstitution-chart; https://bacwater.ai/learn/insulin-syringe-sizes; https://bacwater.ai/learn/too-much-bac-water; https://bacwater.ai/learn/how-to-reconstitute-bpc-157; https://bacwater.ai/learn/what-is-bac-water; https://bacwater.ai/learn/how-to-use-an-insulin-syringe; https://bacwater.ai/learn/how-to-store-reconstituted-peptides; https://bacwater.ai/learn/common-mistakes-to-avoid; https://bacwater.ai/learn/how-to-reconstitute-semaglutide; https://bacwater.ai/learn?type=guide; https://bacwater.ai/learn?type=peptide-guide; https://bacwater.ai/learn?type=comparison; https://bacwater.ai/learn?topic=dosage; https://bacwater.ai/learn?topic=storage; https://bacwater.ai/learn?topic=safety; https://bacwater.ai/learn?topic=ingredients; https://bacwater.ai/learn?topic=injection-supplies; https://bacwater.ai/learn?topic=reconstitution-method; https://bacwater.ai/learn?peptide=bpc-157; https://bacwater.ai/learn?peptide=tb-500; https://bacwater.ai/learn?peptide=ipamorelin; https://bacwater.ai/learn?peptide=cjc-1295-no-dac; https://bacwater.ai/learn?peptide=cjc-1295-with-dac; https://bacwater.ai/learn?peptide=sermorelin; https://bacwater.ai/learn?peptide=hexarelin; https://bacwater.ai/learn?peptide=semaglutide; https://bacwater.ai/learn?peptide=tirzepatide; https://bacwater.ai/learn?peptide=retatrutide; https://bacwater.ai/learn?peptide=cagrilintide; https://bacwater.ai/learn?peptide=mots-c; https://bacwater.ai/learn?peptide=epithalon; https://bacwater.ai/learn?peptide=ghk-cu; https://bacwater.ai/learn?peptide=melanotan-2; https://bacwater.ai/learn?peptide=ss-31; https://bacwater.ai/learn?peptide=selank; https://bacwater.ai/learn?peptide=semax; https://bacwater.ai/learn?peptide=aod-9604; https://bacwater.ai/learn?peptide=kisspeptin-10; https://bacwater.ai/learn?peptide=pt-141; https://bacwater.ai/learn?peptide=hcg; https://bacwater.ai/learn?peptide=glow-blend; https://bacwater.ai/learn?peptide=custom; https://bacwater.ai/search; https://bacwater.ai/signin; https://bacwater.ai/signup; https://bacwater.ai/plans; https://bacwater.ai/plans/labels; https://bacwater.ai/forgot-password; https://bacwater.ai/reset-password; https://bacwater.ai/learn?type=faq; https://bacwater.ai/learn?type=buying-guide; https://bacwater.ai/learn?type=safety; https://bacwater.ai/learn?topic=where-to-buy,NOT TESTED in this live audit: shared browser approval blocked
https://bacwater.ai/peptides/aod-9604,200,https://bacwater.ai/peptides/aod-9604,AOD-9604 Reconstitution Calculator | BACwater.ai,1,sitemap; https://bacwater.ai/peptides; https://bacwater.ai/learn; https://bacwater.ai/sitemap; https://bacwater.ai/peptides/semaglutide; https://bacwater.ai/peptides/tirzepatide; https://bacwater.ai/peptides/retatrutide; https://bacwater.ai/peptides/cagrilintide; https://bacwater.ai/learn?type=peptide-guide; https://bacwater.ai/learn?topic=dosage; https://bacwater.ai/learn?topic=reconstitution-method; https://bacwater.ai/learn?peptide=aod-9604; https://bacwater.ai/calculate/aod-9604,NOT TESTED in this live audit: shared browser approval blocked
https://bacwater.ai/peptides/bpc-157,200,https://bacwater.ai/peptides/bpc-157,BPC-157 Reconstitution Calculator | BACwater.ai,1,sitemap; https://bacwater.ai/; https://bacwater.ai/peptide-calculator; https://bacwater.ai/peptides; https://bacwater.ai/peptides/compare; https://bacwater.ai/learn; https://bacwater.ai/sitemap; https://bacwater.ai/peptides/tb-500; https://bacwater.ai/learn/how-to-reconstitute-bpc-157; https://bacwater.ai/learn?type=peptide-guide; https://bacwater.ai/learn?topic=dosage; https://bacwater.ai/learn?topic=reconstitution-method; https://bacwater.ai/learn?peptide=bpc-157; https://bacwater.ai/calculate/bpc-157,NOT TESTED in this live audit: shared browser approval blocked
https://bacwater.ai/peptides/cagrilintide,200,https://bacwater.ai/peptides/cagrilintide,Cagrilintide Reconstitution Calculator | BACwater.ai,1,sitemap; https://bacwater.ai/peptides; https://bacwater.ai/learn; https://bacwater.ai/sitemap; https://bacwater.ai/peptides/semaglutide; https://bacwater.ai/peptides/tirzepatide; https://bacwater.ai/peptides/retatrutide; https://bacwater.ai/peptides/aod-9604; https://bacwater.ai/learn?type=peptide-guide; https://bacwater.ai/learn?topic=dosage; https://bacwater.ai/learn?topic=reconstitution-method; https://bacwater.ai/learn?peptide=cagrilintide; https://bacwater.ai/calculate/cagrilintide,NOT TESTED in this live audit: shared browser approval blocked
https://bacwater.ai/peptides/cjc-1295-no-dac,200,https://bacwater.ai/peptides/cjc-1295-no-dac,CJC-1295 (no DAC) Reconstitution Calculator | BACwater.ai,1,sitemap; https://bacwater.ai/peptides; https://bacwater.ai/learn; https://bacwater.ai/sitemap; https://bacwater.ai/peptides/ipamorelin; https://bacwater.ai/peptides/cjc-1295-with-dac; https://bacwater.ai/peptides/sermorelin; https://bacwater.ai/peptides/hexarelin; https://bacwater.ai/learn?type=peptide-guide; https://bacwater.ai/learn?topic=dosage; https://bacwater.ai/learn?topic=reconstitution-method; https://bacwater.ai/learn?peptide=cjc-1295-no-dac; https://bacwater.ai/calculate/cjc-1295-no-dac,NOT TESTED in this live audit: shared browser approval blocked
https://bacwater.ai/peptides/cjc-1295-with-dac,200,https://bacwater.ai/peptides/cjc-1295-with-dac,CJC-1295 with DAC Reconstitution Calculator | BACwater.ai,1,sitemap; https://bacwater.ai/peptides; https://bacwater.ai/learn; https://bacwater.ai/sitemap; https://bacwater.ai/peptides/ipamorelin; https://bacwater.ai/peptides/cjc-1295-no-dac; https://bacwater.ai/peptides/sermorelin; https://bacwater.ai/peptides/hexarelin; https://bacwater.ai/learn?type=peptide-guide; https://bacwater.ai/learn?topic=dosage; https://bacwater.ai/learn?topic=reconstitution-method; https://bacwater.ai/learn?peptide=cjc-1295-with-dac; https://bacwater.ai/calculate/cjc-1295-with-dac,NOT TESTED in this live audit: shared browser approval blocked
https://bacwater.ai/peptides/compare,200,https://bacwater.ai/peptides/compare,BPC-157 vs TB-500: Labels and Evidence | BACwater.ai,1,sitemap; https://bacwater.ai/; https://bacwater.ai/peptides; https://bacwater.ai/sitemap,NOT TESTED in this live audit: shared browser approval blocked
https://bacwater.ai/peptides/custom,200,https://bacwater.ai/peptides/custom,Custom Peptide Reconstitution Calculator | BACwater.ai,1,sitemap; https://bacwater.ai/peptides; https://bacwater.ai/learn; https://bacwater.ai/sitemap; https://bacwater.ai/learn?type=peptide-guide; https://bacwater.ai/learn?topic=reconstitution-method; https://bacwater.ai/calculate/custom,NOT TESTED in this live audit: shared browser approval blocked
https://bacwater.ai/peptides/epithalon,200,https://bacwater.ai/peptides/epithalon,Epithalon Reconstitution Calculator | BACwater.ai,1,sitemap; https://bacwater.ai/peptides; https://bacwater.ai/learn; https://bacwater.ai/sitemap; https://bacwater.ai/peptides/mots-c; https://bacwater.ai/peptides/ss-31; https://bacwater.ai/learn?type=peptide-guide; https://bacwater.ai/learn?topic=dosage; https://bacwater.ai/learn?topic=reconstitution-method; https://bacwater.ai/learn?peptide=epithalon; https://bacwater.ai/calculate/epithalon,NOT TESTED in this live audit: shared browser approval blocked
https://bacwater.ai/peptides/ghk-cu,200,https://bacwater.ai/peptides/ghk-cu,GHK-Cu Reconstitution Calculator | BACwater.ai,1,sitemap; https://bacwater.ai/; https://bacwater.ai/peptides; https://bacwater.ai/learn; https://bacwater.ai/sitemap; https://bacwater.ai/peptides/melanotan-2; https://bacwater.ai/peptides/glow-blend; https://bacwater.ai/learn?type=peptide-guide; https://bacwater.ai/learn?topic=dosage; https://bacwater.ai/learn?topic=reconstitution-method; https://bacwater.ai/learn?peptide=ghk-cu; https://bacwater.ai/calculate/ghk-cu,NOT TESTED in this live audit: shared browser approval blocked
https://bacwater.ai/peptides/glow-blend,200,https://bacwater.ai/peptides/glow-blend,GLOW Reconstitution Calculator | BACwater.ai,1,sitemap; https://bacwater.ai/peptides; https://bacwater.ai/learn; https://bacwater.ai/sitemap; https://bacwater.ai/peptides/ghk-cu; https://bacwater.ai/peptides/melanotan-2; https://bacwater.ai/learn?type=peptide-guide; https://bacwater.ai/learn?topic=dosage; https://bacwater.ai/learn?topic=reconstitution-method; https://bacwater.ai/learn?peptide=glow-blend,NOT TESTED in this live audit: shared browser approval blocked
https://bacwater.ai/peptides/hcg,200,https://bacwater.ai/peptides/hcg,HCG Reconstitution Calculator | BACwater.ai,1,sitemap; https://bacwater.ai/peptides; https://bacwater.ai/learn; https://bacwater.ai/sitemap; https://bacwater.ai/peptides/kisspeptin-10; https://bacwater.ai/peptides/pt-141; https://bacwater.ai/learn?type=peptide-guide; https://bacwater.ai/learn?topic=dosage; https://bacwater.ai/learn?topic=reconstitution-method; https://bacwater.ai/learn?peptide=hcg; https://bacwater.ai/calculate/hcg,NOT TESTED in this live audit: shared browser approval blocked
https://bacwater.ai/peptides/hexarelin,200,https://bacwater.ai/peptides/hexarelin,Hexarelin Reconstitution Calculator | BACwater.ai,1,sitemap; https://bacwater.ai/peptides; https://bacwater.ai/learn; https://bacwater.ai/sitemap; https://bacwater.ai/peptides/ipamorelin; https://bacwater.ai/peptides/cjc-1295-no-dac; https://bacwater.ai/peptides/cjc-1295-with-dac; https://bacwater.ai/peptides/sermorelin; https://bacwater.ai/learn?type=peptide-guide; https://bacwater.ai/learn?topic=dosage; https://bacwater.ai/learn?topic=reconstitution-method; https://bacwater.ai/learn?peptide=hexarelin; https://bacwater.ai/calculate/hexarelin,NOT TESTED in this live audit: shared browser approval blocked
https://bacwater.ai/peptides/ipamorelin,200,https://bacwater.ai/peptides/ipamorelin,Ipamorelin Reconstitution Calculator | BACwater.ai,1,sitemap; https://bacwater.ai/peptide-calculator; https://bacwater.ai/peptides; https://bacwater.ai/learn; https://bacwater.ai/sitemap; https://bacwater.ai/peptides/cjc-1295-no-dac; https://bacwater.ai/peptides/cjc-1295-with-dac; https://bacwater.ai/peptides/sermorelin; https://bacwater.ai/peptides/hexarelin; https://bacwater.ai/learn?type=peptide-guide; https://bacwater.ai/learn?topic=dosage; https://bacwater.ai/learn?topic=reconstitution-method; https://bacwater.ai/learn?peptide=ipamorelin; https://bacwater.ai/calculate/ipamorelin,NOT TESTED in this live audit: shared browser approval blocked
https://bacwater.ai/peptides/kisspeptin-10,200,https://bacwater.ai/peptides/kisspeptin-10,Kisspeptin Reconstitution Calculator | BACwater.ai,1,sitemap; https://bacwater.ai/peptides; https://bacwater.ai/learn; https://bacwater.ai/sitemap; https://bacwater.ai/peptides/pt-141; https://bacwater.ai/peptides/hcg; https://bacwater.ai/learn?type=peptide-guide; https://bacwater.ai/learn?topic=dosage; https://bacwater.ai/learn?topic=reconstitution-method; https://bacwater.ai/learn?peptide=kisspeptin-10; https://bacwater.ai/calculate/kisspeptin-10,NOT TESTED in this live audit: shared browser approval blocked
https://bacwater.ai/peptides/melanotan-2,200,https://bacwater.ai/peptides/melanotan-2,Melanotan II Reconstitution Calculator | BACwater.ai,1,sitemap; https://bacwater.ai/peptides; https://bacwater.ai/learn; https://bacwater.ai/sitemap; https://bacwater.ai/peptides/ghk-cu; https://bacwater.ai/peptides/glow-blend; https://bacwater.ai/learn?type=peptide-guide; https://bacwater.ai/learn?topic=dosage; https://bacwater.ai/learn?topic=reconstitution-method; https://bacwater.ai/learn?peptide=melanotan-2; https://bacwater.ai/calculate/melanotan-2,NOT TESTED in this live audit: shared browser approval blocked
https://bacwater.ai/peptides/mots-c,200,https://bacwater.ai/peptides/mots-c,MOTS-C Reconstitution Calculator | BACwater.ai,1,sitemap; https://bacwater.ai/peptides; https://bacwater.ai/learn; https://bacwater.ai/sitemap; https://bacwater.ai/peptides/epithalon; https://bacwater.ai/peptides/ss-31; https://bacwater.ai/learn?type=peptide-guide; https://bacwater.ai/learn?topic=dosage; https://bacwater.ai/learn?topic=reconstitution-method; https://bacwater.ai/learn?peptide=mots-c; https://bacwater.ai/calculate/mots-c,NOT TESTED in this live audit: shared browser approval blocked
https://bacwater.ai/peptides/pt-141,200,https://bacwater.ai/peptides/pt-141,PT-141 Reconstitution Calculator | BACwater.ai,1,sitemap; https://bacwater.ai/peptides; https://bacwater.ai/learn; https://bacwater.ai/sitemap; https://bacwater.ai/peptides/kisspeptin-10; https://bacwater.ai/peptides/hcg; https://bacwater.ai/learn?type=peptide-guide; https://bacwater.ai/learn?topic=dosage; https://bacwater.ai/learn?topic=reconstitution-method; https://bacwater.ai/learn?peptide=pt-141; https://bacwater.ai/calculate/pt-141,NOT TESTED in this live audit: shared browser approval blocked
https://bacwater.ai/peptides/retatrutide,200,https://bacwater.ai/peptides/retatrutide,Retatrutide (GLP-3 (RT)) Reconstitution Calculator | BACwater.ai,1,sitemap; https://bacwater.ai/; https://bacwater.ai/peptide-calculator; https://bacwater.ai/peptides; https://bacwater.ai/learn; https://bacwater.ai/sitemap; https://bacwater.ai/peptides/semaglutide; https://bacwater.ai/peptides/tirzepatide; https://bacwater.ai/peptides/cagrilintide; https://bacwater.ai/peptides/aod-9604; https://bacwater.ai/learn?type=peptide-guide; https://bacwater.ai/learn?topic=dosage; https://bacwater.ai/learn?topic=reconstitution-method; https://bacwater.ai/learn?peptide=retatrutide; https://bacwater.ai/calculate/retatrutide,NOT TESTED in this live audit: shared browser approval blocked
https://bacwater.ai/peptides/selank,200,https://bacwater.ai/peptides/selank,SELANK Reconstitution Calculator | BACwater.ai,1,sitemap; https://bacwater.ai/peptides; https://bacwater.ai/learn; https://bacwater.ai/sitemap; https://bacwater.ai/peptides/semax; https://bacwater.ai/learn?type=peptide-guide; https://bacwater.ai/learn?topic=dosage; https://bacwater.ai/learn?topic=reconstitution-method; https://bacwater.ai/learn?peptide=selank; https://bacwater.ai/calculate/selank,NOT TESTED in this live audit: shared browser approval blocked
https://bacwater.ai/peptides/semaglutide,200,https://bacwater.ai/peptides/semaglutide,Semaglutide (GLP-1 (SM)) Reconstitution Calculator | BACwater.ai,1,sitemap; https://bacwater.ai/; https://bacwater.ai/peptide-calculator; https://bacwater.ai/peptides; https://bacwater.ai/learn; https://bacwater.ai/sitemap; https://bacwater.ai/peptides/tirzepatide; https://bacwater.ai/peptides/retatrutide; https://bacwater.ai/peptides/cagrilintide; https://bacwater.ai/peptides/aod-9604; https://bacwater.ai/learn/how-to-reconstitute-semaglutide; https://bacwater.ai/learn?type=peptide-guide; https://bacwater.ai/learn?topic=dosage; https://bacwater.ai/learn?topic=reconstitution-method; https://bacwater.ai/learn?peptide=semaglutide; https://bacwater.ai/calculate/semaglutide,NOT TESTED in this live audit: shared browser approval blocked
https://bacwater.ai/peptides/semax,200,https://bacwater.ai/peptides/semax,SEMAX Reconstitution Calculator | BACwater.ai,1,sitemap; https://bacwater.ai/peptides; https://bacwater.ai/learn; https://bacwater.ai/sitemap; https://bacwater.ai/peptides/selank; https://bacwater.ai/learn?type=peptide-guide; https://bacwater.ai/learn?topic=dosage; https://bacwater.ai/learn?topic=reconstitution-method; https://bacwater.ai/learn?peptide=semax; https://bacwater.ai/calculate/semax,NOT TESTED in this live audit: shared browser approval blocked
https://bacwater.ai/peptides/sermorelin,200,https://bacwater.ai/peptides/sermorelin,Sermorelin Reconstitution Calculator | BACwater.ai,1,sitemap; https://bacwater.ai/peptides; https://bacwater.ai/learn; https://bacwater.ai/sitemap; https://bacwater.ai/peptides/ipamorelin; https://bacwater.ai/peptides/cjc-1295-no-dac; https://bacwater.ai/peptides/cjc-1295-with-dac; https://bacwater.ai/peptides/hexarelin; https://bacwater.ai/learn?type=peptide-guide; https://bacwater.ai/learn?topic=dosage; https://bacwater.ai/learn?topic=reconstitution-method; https://bacwater.ai/learn?peptide=sermorelin; https://bacwater.ai/calculate/sermorelin,NOT TESTED in this live audit: shared browser approval blocked
https://bacwater.ai/peptides/ss-31,200,https://bacwater.ai/peptides/ss-31,SS-31 Reconstitution Calculator | BACwater.ai,1,sitemap; https://bacwater.ai/peptides; https://bacwater.ai/learn; https://bacwater.ai/sitemap; https://bacwater.ai/peptides/mots-c; https://bacwater.ai/peptides/epithalon; https://bacwater.ai/learn?type=peptide-guide; https://bacwater.ai/learn?topic=dosage; https://bacwater.ai/learn?topic=reconstitution-method; https://bacwater.ai/learn?peptide=ss-31; https://bacwater.ai/calculate/ss-31,NOT TESTED in this live audit: shared browser approval blocked
https://bacwater.ai/peptides/tb-500,200,https://bacwater.ai/peptides/tb-500,TB-500 Reconstitution Calculator | BACwater.ai,1,sitemap; https://bacwater.ai/; https://bacwater.ai/peptide-calculator; https://bacwater.ai/peptides; https://bacwater.ai/peptides/compare; https://bacwater.ai/learn; https://bacwater.ai/sitemap; https://bacwater.ai/peptides/bpc-157; https://bacwater.ai/learn?type=peptide-guide; https://bacwater.ai/learn?topic=dosage; https://bacwater.ai/learn?topic=reconstitution-method; https://bacwater.ai/learn?peptide=tb-500; https://bacwater.ai/calculate/tb-500,NOT TESTED in this live audit: shared browser approval blocked
https://bacwater.ai/peptides/tirzepatide,200,https://bacwater.ai/peptides/tirzepatide,Tirzepatide (GLP-2 (TR)) Reconstitution Calculator | BACwater.ai,1,sitemap; https://bacwater.ai/; https://bacwater.ai/peptide-calculator; https://bacwater.ai/peptides; https://bacwater.ai/learn; https://bacwater.ai/sitemap; https://bacwater.ai/peptides/semaglutide; https://bacwater.ai/peptides/retatrutide; https://bacwater.ai/peptides/cagrilintide; https://bacwater.ai/peptides/aod-9604; https://bacwater.ai/learn/how-to-reconstitute-tirzepatide; https://bacwater.ai/learn?type=peptide-guide; https://bacwater.ai/learn?topic=dosage; https://bacwater.ai/learn?topic=reconstitution-method; https://bacwater.ai/learn?peptide=tirzepatide; https://bacwater.ai/calculate/tirzepatide,NOT TESTED in this live audit: shared browser approval blocked
https://bacwater.ai/plan,200,https://bacwater.ai/plan,Peptide Reconstitution Plan Builder | BACwater.ai,1,sitemap; source/history; https://bacwater.ai/research-finder; https://bacwater.ai/products/amino-h2o; https://bacwater.ai/products/glp-1; https://bacwater.ai/products/glp-2; https://bacwater.ai/products/glp-3; https://bacwater.ai/products/bpc-157; https://bacwater.ai/products/ghk-cu; https://bacwater.ai/products/tb-500; https://bacwater.ai/products/tesamorlin; https://bacwater.ai/products/mots-c; https://bacwater.ai/products/nad-plus; https://bacwater.ai/products/cjc-ipa-no-dac; https://bacwater.ai/products/kpv; https://bacwater.ai/products/klow; https://bacwater.ai/products/semax; https://bacwater.ai/products/glutathione; https://bacwater.ai/products/melanotan-ii; https://bacwater.ai/products/glow; https://bacwater.ai/products/selank; https://bacwater.ai/products/melanotan-i; https://bacwater.ai/products/igf-1-lr3; https://bacwater.ai/products/5-amino-1mq; https://bacwater.ai/products/wolverine-stack; https://bacwater.ai/products/pt-141; https://bacwater.ai/products/cagrilintide; https://bacwater.ai/products/aod-9604; https://bacwater.ai/products/dsip; https://bacwater.ai/products/epithalon; https://bacwater.ai/products/ipamorelin; https://bacwater.ai/products/snap-8; https://bacwater.ai/products/thymosin-alpha-1; https://bacwater.ai/products/ghkcu-spray; https://bacwater.ai/products/nad-plus-spray; https://bacwater.ai/products/semax-spray; https://bacwater.ai/products/selank-spray; https://bacwater.ai/products/pt-141-spray; https://bacwater.ai/products/melanotan-ii-spray; https://bacwater.ai/products/ll-37; https://bacwater.ai/products/cartalax; https://bacwater.ai/products/sermorelin; https://bacwater.ai/products/kisspeptin; https://bacwater.ai/products/dihexa; https://bacwater.ai/products/vip; https://bacwater.ai/products/ara-290; https://bacwater.ai/products/dsip-spray; https://bacwater.ai/products/adalank-spray; https://bacwater.ai/products/adamax-spray; https://bacwater.ai/products/bpc-tb-spray; https://bacwater.ai/products/bpc-spray; https://bacwater.ai/products/pinealon; https://bacwater.ai/products/ahk-cu; https://bacwater.ai/share-tools; https://bacwater.ai/recommendations; https://bacwater.ai/embed; https://bacwater.ai/methodology; https://bacwater.ai/compare-calculators; https://bacwater.ai/; https://bacwater.ai/peptides; https://bacwater.ai/peptides/compare; https://bacwater.ai/learn; https://bacwater.ai/faq; https://bacwater.ai/sitemap; https://bacwater.ai/tools; https://bacwater.ai/tools/vial-labels; https://bacwater.ai/learn/glossary; https://bacwater.ai/learn/bac-water-shelf-life; https://bacwater.ai/learn/where-to-buy-bacteriostatic-water; https://bacwater.ai/learn/bac-water-for-peptides; https://bacwater.ai/learn/what-you-cannot-know; https://bacwater.ai/about; https://bacwater.ai/contact; https://bacwater.ai/editorial-policy; https://bacwater.ai/preferred-source; https://bacwater.ai/terms; https://bacwater.ai/privacy; https://bacwater.ai/disclaimer; https://bacwater.ai/peptides/bpc-157; https://bacwater.ai/peptides/tb-500; https://bacwater.ai/peptides/ipamorelin; https://bacwater.ai/peptides/cjc-1295-no-dac; https://bacwater.ai/peptides/cjc-1295-with-dac; https://bacwater.ai/peptides/sermorelin; https://bacwater.ai/peptides/hexarelin; https://bacwater.ai/peptides/semaglutide; https://bacwater.ai/peptides/tirzepatide; https://bacwater.ai/peptides/retatrutide; https://bacwater.ai/peptides/cagrilintide; https://bacwater.ai/peptides/mots-c; https://bacwater.ai/peptides/epithalon; https://bacwater.ai/peptides/ghk-cu; https://bacwater.ai/peptides/melanotan-2; https://bacwater.ai/peptides/ss-31; https://bacwater.ai/peptides/selank; https://bacwater.ai/peptides/semax; https://bacwater.ai/peptides/aod-9604; https://bacwater.ai/peptides/kisspeptin-10; https://bacwater.ai/peptides/pt-141; https://bacwater.ai/peptides/hcg; https://bacwater.ai/peptides/glow-blend; https://bacwater.ai/peptides/custom; https://bacwater.ai/learn/vs/sterile-water; https://bacwater.ai/learn/vs/saline; https://bacwater.ai/learn/vs/sodium-chloride; https://bacwater.ai/learn/vs/distilled-water; https://bacwater.ai/learn/vs/benzyl-alcohol; https://bacwater.ai/learn/vs/acetic-acid; https://bacwater.ai/learn/vs/reconstitution-solution; https://bacwater.ai/learn/what-syringe-units-mean; https://bacwater.ai/learn/how-peptide-reconstitution-works; https://bacwater.ai/learn/how-to-read-a-peptide-vial; https://bacwater.ai/learn/how-to-reconstitute-tirzepatide; https://bacwater.ai/learn/how-to-read-an-insulin-syringe; https://bacwater.ai/learn/peptide-reconstitution-chart; https://bacwater.ai/learn/insulin-syringe-sizes; https://bacwater.ai/learn/too-much-bac-water; https://bacwater.ai/learn/how-to-reconstitute-bpc-157; https://bacwater.ai/learn/what-is-bac-water; https://bacwater.ai/learn/how-to-use-an-insulin-syringe; https://bacwater.ai/learn/how-to-store-reconstituted-peptides; https://bacwater.ai/learn/common-mistakes-to-avoid; https://bacwater.ai/learn/how-to-reconstitute-semaglutide; https://bacwater.ai/learn?type=guide; https://bacwater.ai/learn?type=peptide-guide; https://bacwater.ai/learn?type=comparison; https://bacwater.ai/learn?topic=dosage; https://bacwater.ai/learn?topic=storage; https://bacwater.ai/learn?topic=safety; https://bacwater.ai/learn?topic=ingredients; https://bacwater.ai/learn?topic=injection-supplies; https://bacwater.ai/learn?topic=reconstitution-method; https://bacwater.ai/learn?peptide=bpc-157; https://bacwater.ai/learn?peptide=tb-500; https://bacwater.ai/learn?peptide=ipamorelin; https://bacwater.ai/learn?peptide=cjc-1295-no-dac; https://bacwater.ai/learn?peptide=cjc-1295-with-dac; https://bacwater.ai/learn?peptide=sermorelin; https://bacwater.ai/learn?peptide=hexarelin; https://bacwater.ai/learn?peptide=semaglutide; https://bacwater.ai/learn?peptide=tirzepatide; https://bacwater.ai/learn?peptide=retatrutide; https://bacwater.ai/learn?peptide=cagrilintide; https://bacwater.ai/learn?peptide=mots-c; https://bacwater.ai/learn?peptide=epithalon; https://bacwater.ai/learn?peptide=ghk-cu; https://bacwater.ai/learn?peptide=melanotan-2; https://bacwater.ai/learn?peptide=ss-31; https://bacwater.ai/learn?peptide=selank; https://bacwater.ai/learn?peptide=semax; https://bacwater.ai/learn?peptide=aod-9604; https://bacwater.ai/learn?peptide=kisspeptin-10; https://bacwater.ai/learn?peptide=pt-141; https://bacwater.ai/learn?peptide=hcg; https://bacwater.ai/learn?peptide=glow-blend; https://bacwater.ai/learn?peptide=custom; https://bacwater.ai/search; https://bacwater.ai/signin; https://bacwater.ai/signup; https://bacwater.ai/plans; https://bacwater.ai/plans/labels; https://bacwater.ai/forgot-password; https://bacwater.ai/reset-password; https://bacwater.ai/learn?type=faq; https://bacwater.ai/learn?type=buying-guide; https://bacwater.ai/learn?type=safety; https://bacwater.ai/learn?topic=where-to-buy; https://bacwater.ai/calculate/bpc-157; https://bacwater.ai/calculate/tb-500; https://bacwater.ai/calculate/ipamorelin; https://bacwater.ai/calculate/cjc-1295-no-dac; https://bacwater.ai/calculate/cjc-1295-with-dac; https://bacwater.ai/calculate/sermorelin; https://bacwater.ai/calculate/hexarelin; https://bacwater.ai/calculate/semaglutide; https://bacwater.ai/calculate/tirzepatide; https://bacwater.ai/calculate/retatrutide; https://bacwater.ai/calculate/cagrilintide; https://bacwater.ai/calculate/mots-c; https://bacwater.ai/calculate/epithalon; https://bacwater.ai/calculate/ghk-cu; https://bacwater.ai/calculate/melanotan-2; https://bacwater.ai/calculate/ss-31; https://bacwater.ai/calculate/selank; https://bacwater.ai/calculate/semax; https://bacwater.ai/calculate/aod-9604; https://bacwater.ai/calculate/kisspeptin-10; https://bacwater.ai/calculate/pt-141; https://bacwater.ai/calculate/custom,NOT TESTED in this live audit: shared browser approval blocked
https://bacwater.ai/plan/new,200,https://bacwater.ai/plan/new,Peptide Reconstitution Plan Builder | BACwater.ai,1,source/history,NOT TESTED in this live audit: shared browser approval blocked
https://bacwater.ai/plans,200,https://bacwater.ai/plans,My Plans · BACwater.ai,1,source/history; https://bacwater.ai/research-finder; https://bacwater.ai/products/amino-h2o; https://bacwater.ai/products/glp-1; https://bacwater.ai/products/glp-2; https://bacwater.ai/products/glp-3; https://bacwater.ai/products/bpc-157; https://bacwater.ai/products/ghk-cu; https://bacwater.ai/products/tb-500; https://bacwater.ai/products/tesamorlin; https://bacwater.ai/products/mots-c; https://bacwater.ai/products/nad-plus; https://bacwater.ai/products/cjc-ipa-no-dac; https://bacwater.ai/products/kpv; https://bacwater.ai/products/klow; https://bacwater.ai/products/semax; https://bacwater.ai/products/glutathione; https://bacwater.ai/products/melanotan-ii; https://bacwater.ai/products/glow; https://bacwater.ai/products/selank; https://bacwater.ai/products/melanotan-i; https://bacwater.ai/products/igf-1-lr3; https://bacwater.ai/products/5-amino-1mq; https://bacwater.ai/products/wolverine-stack; https://bacwater.ai/products/pt-141; https://bacwater.ai/products/cagrilintide; https://bacwater.ai/products/aod-9604; https://bacwater.ai/products/dsip; https://bacwater.ai/products/epithalon; https://bacwater.ai/products/ipamorelin; https://bacwater.ai/products/snap-8; https://bacwater.ai/products/thymosin-alpha-1; https://bacwater.ai/products/ghkcu-spray; https://bacwater.ai/products/nad-plus-spray; https://bacwater.ai/products/semax-spray; https://bacwater.ai/products/selank-spray; https://bacwater.ai/products/pt-141-spray; https://bacwater.ai/products/melanotan-ii-spray; https://bacwater.ai/products/ll-37; https://bacwater.ai/products/cartalax; https://bacwater.ai/products/sermorelin; https://bacwater.ai/products/kisspeptin; https://bacwater.ai/products/dihexa; https://bacwater.ai/products/vip; https://bacwater.ai/products/ara-290; https://bacwater.ai/products/dsip-spray; https://bacwater.ai/products/adalank-spray; https://bacwater.ai/products/adamax-spray; https://bacwater.ai/products/bpc-tb-spray; https://bacwater.ai/products/bpc-spray; https://bacwater.ai/products/pinealon; https://bacwater.ai/products/ahk-cu; https://bacwater.ai/share-tools; https://bacwater.ai/recommendations; https://bacwater.ai/embed; https://bacwater.ai/methodology; https://bacwater.ai/compare-calculators; https://bacwater.ai/; https://bacwater.ai/peptides; https://bacwater.ai/peptides/compare; https://bacwater.ai/learn; https://bacwater.ai/faq; https://bacwater.ai/sitemap; https://bacwater.ai/tools; https://bacwater.ai/tools/vial-labels; https://bacwater.ai/learn/glossary; https://bacwater.ai/learn/bac-water-shelf-life; https://bacwater.ai/learn/where-to-buy-bacteriostatic-water; https://bacwater.ai/learn/bac-water-for-peptides; https://bacwater.ai/learn/what-you-cannot-know; https://bacwater.ai/about; https://bacwater.ai/contact; https://bacwater.ai/editorial-policy; https://bacwater.ai/preferred-source; https://bacwater.ai/terms; https://bacwater.ai/privacy; https://bacwater.ai/disclaimer; https://bacwater.ai/peptides/bpc-157; https://bacwater.ai/peptides/tb-500; https://bacwater.ai/peptides/ipamorelin; https://bacwater.ai/peptides/cjc-1295-no-dac; https://bacwater.ai/peptides/cjc-1295-with-dac; https://bacwater.ai/peptides/sermorelin; https://bacwater.ai/peptides/hexarelin; https://bacwater.ai/peptides/semaglutide; https://bacwater.ai/peptides/tirzepatide; https://bacwater.ai/peptides/retatrutide; https://bacwater.ai/peptides/cagrilintide; https://bacwater.ai/peptides/mots-c; https://bacwater.ai/peptides/epithalon; https://bacwater.ai/peptides/ghk-cu; https://bacwater.ai/peptides/melanotan-2; https://bacwater.ai/peptides/ss-31; https://bacwater.ai/peptides/selank; https://bacwater.ai/peptides/semax; https://bacwater.ai/peptides/aod-9604; https://bacwater.ai/peptides/kisspeptin-10; https://bacwater.ai/peptides/pt-141; https://bacwater.ai/peptides/hcg; https://bacwater.ai/peptides/glow-blend; https://bacwater.ai/peptides/custom; https://bacwater.ai/learn/vs/sterile-water; https://bacwater.ai/learn/vs/saline; https://bacwater.ai/learn/vs/sodium-chloride; https://bacwater.ai/learn/vs/distilled-water; https://bacwater.ai/learn/vs/benzyl-alcohol; https://bacwater.ai/learn/vs/acetic-acid; https://bacwater.ai/learn/vs/reconstitution-solution; https://bacwater.ai/learn/what-syringe-units-mean; https://bacwater.ai/learn/how-peptide-reconstitution-works; https://bacwater.ai/learn/how-to-read-a-peptide-vial; https://bacwater.ai/learn/how-to-reconstitute-tirzepatide; https://bacwater.ai/learn/how-to-read-an-insulin-syringe; https://bacwater.ai/learn/peptide-reconstitution-chart; https://bacwater.ai/learn/insulin-syringe-sizes; https://bacwater.ai/learn/too-much-bac-water; https://bacwater.ai/learn/how-to-reconstitute-bpc-157; https://bacwater.ai/learn/what-is-bac-water; https://bacwater.ai/learn/how-to-use-an-insulin-syringe; https://bacwater.ai/learn/how-to-store-reconstituted-peptides; https://bacwater.ai/learn/common-mistakes-to-avoid; https://bacwater.ai/learn/how-to-reconstitute-semaglutide; https://bacwater.ai/learn?type=guide; https://bacwater.ai/learn?type=peptide-guide; https://bacwater.ai/learn?type=comparison; https://bacwater.ai/learn?topic=dosage; https://bacwater.ai/learn?topic=storage; https://bacwater.ai/learn?topic=safety; https://bacwater.ai/learn?topic=ingredients; https://bacwater.ai/learn?topic=injection-supplies; https://bacwater.ai/learn?topic=reconstitution-method; https://bacwater.ai/learn?peptide=bpc-157; https://bacwater.ai/learn?peptide=tb-500; https://bacwater.ai/learn?peptide=ipamorelin; https://bacwater.ai/learn?peptide=cjc-1295-no-dac; https://bacwater.ai/learn?peptide=cjc-1295-with-dac; https://bacwater.ai/learn?peptide=sermorelin; https://bacwater.ai/learn?peptide=hexarelin; https://bacwater.ai/learn?peptide=semaglutide; https://bacwater.ai/learn?peptide=tirzepatide; https://bacwater.ai/learn?peptide=retatrutide; https://bacwater.ai/learn?peptide=cagrilintide; https://bacwater.ai/learn?peptide=mots-c; https://bacwater.ai/learn?peptide=epithalon; https://bacwater.ai/learn?peptide=ghk-cu; https://bacwater.ai/learn?peptide=melanotan-2; https://bacwater.ai/learn?peptide=ss-31; https://bacwater.ai/learn?peptide=selank; https://bacwater.ai/learn?peptide=semax; https://bacwater.ai/learn?peptide=aod-9604; https://bacwater.ai/learn?peptide=kisspeptin-10; https://bacwater.ai/learn?peptide=pt-141; https://bacwater.ai/learn?peptide=hcg; https://bacwater.ai/learn?peptide=glow-blend; https://bacwater.ai/learn?peptide=custom; https://bacwater.ai/search; https://bacwater.ai/signin; https://bacwater.ai/signup; https://bacwater.ai/plans; https://bacwater.ai/plans/labels; https://bacwater.ai/forgot-password; https://bacwater.ai/reset-password; https://bacwater.ai/learn?type=faq; https://bacwater.ai/learn?type=buying-guide; https://bacwater.ai/learn?type=safety; https://bacwater.ai/learn?topic=where-to-buy,NOT TESTED in this live audit: shared browser approval blocked
https://bacwater.ai/plans/labels,200,https://bacwater.ai/plans/labels,Vial labels · BACwater.ai,1,source/history,NOT TESTED in this live audit: shared browser approval blocked
https://bacwater.ai/preferred-source,200,https://bacwater.ai/preferred-source,Choose BACwater.ai as a Preferred Google Source,1,sitemap; https://bacwater.ai/research-finder; https://bacwater.ai/products/amino-h2o; https://bacwater.ai/products/glp-1; https://bacwater.ai/products/glp-2; https://bacwater.ai/products/glp-3; https://bacwater.ai/products/bpc-157; https://bacwater.ai/products/ghk-cu; https://bacwater.ai/products/tb-500; https://bacwater.ai/products/tesamorlin; https://bacwater.ai/products/mots-c; https://bacwater.ai/products/nad-plus; https://bacwater.ai/products/cjc-ipa-no-dac; https://bacwater.ai/products/kpv; https://bacwater.ai/products/klow; https://bacwater.ai/products/semax; https://bacwater.ai/products/glutathione; https://bacwater.ai/products/melanotan-ii; https://bacwater.ai/products/glow; https://bacwater.ai/products/selank; https://bacwater.ai/products/melanotan-i; https://bacwater.ai/products/igf-1-lr3; https://bacwater.ai/products/5-amino-1mq; https://bacwater.ai/products/wolverine-stack; https://bacwater.ai/products/pt-141; https://bacwater.ai/products/cagrilintide; https://bacwater.ai/products/aod-9604; https://bacwater.ai/products/dsip; https://bacwater.ai/products/epithalon; https://bacwater.ai/products/ipamorelin; https://bacwater.ai/products/snap-8; https://bacwater.ai/products/thymosin-alpha-1; https://bacwater.ai/products/ghkcu-spray; https://bacwater.ai/products/nad-plus-spray; https://bacwater.ai/products/semax-spray; https://bacwater.ai/products/selank-spray; https://bacwater.ai/products/pt-141-spray; https://bacwater.ai/products/melanotan-ii-spray; https://bacwater.ai/products/ll-37; https://bacwater.ai/products/cartalax; https://bacwater.ai/products/sermorelin; https://bacwater.ai/products/kisspeptin; https://bacwater.ai/products/dihexa; https://bacwater.ai/products/vip; https://bacwater.ai/products/ara-290; https://bacwater.ai/products/dsip-spray; https://bacwater.ai/products/adalank-spray; https://bacwater.ai/products/adamax-spray; https://bacwater.ai/products/bpc-tb-spray; https://bacwater.ai/products/bpc-spray; https://bacwater.ai/products/pinealon; https://bacwater.ai/products/ahk-cu; https://bacwater.ai/share-tools; https://bacwater.ai/recommendations; https://bacwater.ai/embed; https://bacwater.ai/methodology; https://bacwater.ai/compare-calculators; https://bacwater.ai/; https://bacwater.ai/peptides; https://bacwater.ai/peptides/compare; https://bacwater.ai/learn; https://bacwater.ai/faq; https://bacwater.ai/sitemap; https://bacwater.ai/tools; https://bacwater.ai/tools/vial-labels; https://bacwater.ai/learn/glossary; https://bacwater.ai/learn/bac-water-shelf-life; https://bacwater.ai/learn/where-to-buy-bacteriostatic-water; https://bacwater.ai/learn/bac-water-for-peptides; https://bacwater.ai/learn/what-you-cannot-know; https://bacwater.ai/about; https://bacwater.ai/contact; https://bacwater.ai/editorial-policy; https://bacwater.ai/preferred-source; https://bacwater.ai/terms; https://bacwater.ai/privacy; https://bacwater.ai/disclaimer; https://bacwater.ai/peptides/bpc-157; https://bacwater.ai/peptides/tb-500; https://bacwater.ai/peptides/ipamorelin; https://bacwater.ai/peptides/cjc-1295-no-dac; https://bacwater.ai/peptides/cjc-1295-with-dac; https://bacwater.ai/peptides/sermorelin; https://bacwater.ai/peptides/hexarelin; https://bacwater.ai/peptides/semaglutide; https://bacwater.ai/peptides/tirzepatide; https://bacwater.ai/peptides/retatrutide; https://bacwater.ai/peptides/cagrilintide; https://bacwater.ai/peptides/mots-c; https://bacwater.ai/peptides/epithalon; https://bacwater.ai/peptides/ghk-cu; https://bacwater.ai/peptides/melanotan-2; https://bacwater.ai/peptides/ss-31; https://bacwater.ai/peptides/selank; https://bacwater.ai/peptides/semax; https://bacwater.ai/peptides/aod-9604; https://bacwater.ai/peptides/kisspeptin-10; https://bacwater.ai/peptides/pt-141; https://bacwater.ai/peptides/hcg; https://bacwater.ai/peptides/glow-blend; https://bacwater.ai/peptides/custom; https://bacwater.ai/learn/vs/sterile-water; https://bacwater.ai/learn/vs/saline; https://bacwater.ai/learn/vs/sodium-chloride; https://bacwater.ai/learn/vs/distilled-water; https://bacwater.ai/learn/vs/benzyl-alcohol; https://bacwater.ai/learn/vs/acetic-acid; https://bacwater.ai/learn/vs/reconstitution-solution; https://bacwater.ai/learn/what-syringe-units-mean; https://bacwater.ai/learn/how-peptide-reconstitution-works; https://bacwater.ai/learn/how-to-read-a-peptide-vial; https://bacwater.ai/learn/how-to-reconstitute-tirzepatide; https://bacwater.ai/learn/how-to-read-an-insulin-syringe; https://bacwater.ai/learn/peptide-reconstitution-chart; https://bacwater.ai/learn/insulin-syringe-sizes; https://bacwater.ai/learn/too-much-bac-water; https://bacwater.ai/learn/how-to-reconstitute-bpc-157; https://bacwater.ai/learn/what-is-bac-water; https://bacwater.ai/learn/how-to-use-an-insulin-syringe; https://bacwater.ai/learn/how-to-store-reconstituted-peptides; https://bacwater.ai/learn/common-mistakes-to-avoid; https://bacwater.ai/learn/how-to-reconstitute-semaglutide; https://bacwater.ai/learn?type=guide; https://bacwater.ai/learn?type=peptide-guide; https://bacwater.ai/learn?type=comparison; https://bacwater.ai/learn?topic=dosage; https://bacwater.ai/learn?topic=storage; https://bacwater.ai/learn?topic=safety; https://bacwater.ai/learn?topic=ingredients; https://bacwater.ai/learn?topic=injection-supplies; https://bacwater.ai/learn?topic=reconstitution-method; https://bacwater.ai/learn?peptide=bpc-157; https://bacwater.ai/learn?peptide=tb-500; https://bacwater.ai/learn?peptide=ipamorelin; https://bacwater.ai/learn?peptide=cjc-1295-no-dac; https://bacwater.ai/learn?peptide=cjc-1295-with-dac; https://bacwater.ai/learn?peptide=sermorelin; https://bacwater.ai/learn?peptide=hexarelin; https://bacwater.ai/learn?peptide=semaglutide; https://bacwater.ai/learn?peptide=tirzepatide; https://bacwater.ai/learn?peptide=retatrutide; https://bacwater.ai/learn?peptide=cagrilintide; https://bacwater.ai/learn?peptide=mots-c; https://bacwater.ai/learn?peptide=epithalon; https://bacwater.ai/learn?peptide=ghk-cu; https://bacwater.ai/learn?peptide=melanotan-2; https://bacwater.ai/learn?peptide=ss-31; https://bacwater.ai/learn?peptide=selank; https://bacwater.ai/learn?peptide=semax; https://bacwater.ai/learn?peptide=aod-9604; https://bacwater.ai/learn?peptide=kisspeptin-10; https://bacwater.ai/learn?peptide=pt-141; https://bacwater.ai/learn?peptide=hcg; https://bacwater.ai/learn?peptide=glow-blend; https://bacwater.ai/learn?peptide=custom; https://bacwater.ai/search; https://bacwater.ai/signin; https://bacwater.ai/signup; https://bacwater.ai/plans; https://bacwater.ai/plans/labels; https://bacwater.ai/forgot-password; https://bacwater.ai/reset-password; https://bacwater.ai/learn?type=faq; https://bacwater.ai/learn?type=buying-guide; https://bacwater.ai/learn?type=safety; https://bacwater.ai/learn?topic=where-to-buy,NOT TESTED in this live audit: shared browser approval blocked
https://bacwater.ai/privacy,200,https://bacwater.ai/privacy,BACwater.ai Privacy and Data Use,1,sitemap; https://bacwater.ai/research-finder; https://bacwater.ai/products/amino-h2o; https://bacwater.ai/products/glp-1; https://bacwater.ai/products/glp-2; https://bacwater.ai/products/glp-3; https://bacwater.ai/products/bpc-157; https://bacwater.ai/products/ghk-cu; https://bacwater.ai/products/tb-500; https://bacwater.ai/products/tesamorlin; https://bacwater.ai/products/mots-c; https://bacwater.ai/products/nad-plus; https://bacwater.ai/products/cjc-ipa-no-dac; https://bacwater.ai/products/kpv; https://bacwater.ai/products/klow; https://bacwater.ai/products/semax; https://bacwater.ai/products/glutathione; https://bacwater.ai/products/melanotan-ii; https://bacwater.ai/products/glow; https://bacwater.ai/products/selank; https://bacwater.ai/products/melanotan-i; https://bacwater.ai/products/igf-1-lr3; https://bacwater.ai/products/5-amino-1mq; https://bacwater.ai/products/wolverine-stack; https://bacwater.ai/products/pt-141; https://bacwater.ai/products/cagrilintide; https://bacwater.ai/products/aod-9604; https://bacwater.ai/products/dsip; https://bacwater.ai/products/epithalon; https://bacwater.ai/products/ipamorelin; https://bacwater.ai/products/snap-8; https://bacwater.ai/products/thymosin-alpha-1; https://bacwater.ai/products/ghkcu-spray; https://bacwater.ai/products/nad-plus-spray; https://bacwater.ai/products/semax-spray; https://bacwater.ai/products/selank-spray; https://bacwater.ai/products/pt-141-spray; https://bacwater.ai/products/melanotan-ii-spray; https://bacwater.ai/products/ll-37; https://bacwater.ai/products/cartalax; https://bacwater.ai/products/sermorelin; https://bacwater.ai/products/kisspeptin; https://bacwater.ai/products/dihexa; https://bacwater.ai/products/vip; https://bacwater.ai/products/ara-290; https://bacwater.ai/products/dsip-spray; https://bacwater.ai/products/adalank-spray; https://bacwater.ai/products/adamax-spray; https://bacwater.ai/products/bpc-tb-spray; https://bacwater.ai/products/bpc-spray; https://bacwater.ai/products/pinealon; https://bacwater.ai/products/ahk-cu; https://bacwater.ai/share-tools; https://bacwater.ai/recommendations; https://bacwater.ai/embed; https://bacwater.ai/methodology; https://bacwater.ai/compare-calculators; https://bacwater.ai/; https://bacwater.ai/peptide-calculator; https://bacwater.ai/plan; https://bacwater.ai/peptides; https://bacwater.ai/peptides/compare; https://bacwater.ai/learn; https://bacwater.ai/faq; https://bacwater.ai/sitemap; https://bacwater.ai/tools; https://bacwater.ai/tools/bac-water; https://bacwater.ai/tools/dose; https://bacwater.ai/tools/syringe-units; https://bacwater.ai/tools/mg-to-mcg; https://bacwater.ai/tools/supplies; https://bacwater.ai/tools/reverse-bac; https://bacwater.ai/tools/vial-labels; https://bacwater.ai/learn/glossary; https://bacwater.ai/learn/bac-water-shelf-life; https://bacwater.ai/learn/where-to-buy-bacteriostatic-water; https://bacwater.ai/learn/bac-water-for-peptides; https://bacwater.ai/learn/what-you-cannot-know; https://bacwater.ai/about; https://bacwater.ai/contact; https://bacwater.ai/editorial-policy; https://bacwater.ai/preferred-source; https://bacwater.ai/terms; https://bacwater.ai/privacy; https://bacwater.ai/disclaimer; https://bacwater.ai/peptides/bpc-157; https://bacwater.ai/peptides/tb-500; https://bacwater.ai/peptides/ipamorelin; https://bacwater.ai/peptides/cjc-1295-no-dac; https://bacwater.ai/peptides/cjc-1295-with-dac; https://bacwater.ai/peptides/sermorelin; https://bacwater.ai/peptides/hexarelin; https://bacwater.ai/peptides/semaglutide; https://bacwater.ai/peptides/tirzepatide; https://bacwater.ai/peptides/retatrutide; https://bacwater.ai/peptides/cagrilintide; https://bacwater.ai/peptides/mots-c; https://bacwater.ai/peptides/epithalon; https://bacwater.ai/peptides/ghk-cu; https://bacwater.ai/peptides/melanotan-2; https://bacwater.ai/peptides/ss-31; https://bacwater.ai/peptides/selank; https://bacwater.ai/peptides/semax; https://bacwater.ai/peptides/aod-9604; https://bacwater.ai/peptides/kisspeptin-10; https://bacwater.ai/peptides/pt-141; https://bacwater.ai/peptides/hcg; https://bacwater.ai/peptides/glow-blend; https://bacwater.ai/peptides/custom; https://bacwater.ai/learn/vs/sterile-water; https://bacwater.ai/learn/vs/saline; https://bacwater.ai/learn/vs/sodium-chloride; https://bacwater.ai/learn/vs/distilled-water; https://bacwater.ai/learn/vs/benzyl-alcohol; https://bacwater.ai/learn/vs/acetic-acid; https://bacwater.ai/learn/vs/reconstitution-solution; https://bacwater.ai/learn/what-syringe-units-mean; https://bacwater.ai/learn/how-peptide-reconstitution-works; https://bacwater.ai/learn/how-to-read-a-peptide-vial; https://bacwater.ai/learn/how-to-reconstitute-tirzepatide; https://bacwater.ai/learn/how-to-read-an-insulin-syringe; https://bacwater.ai/learn/peptide-reconstitution-chart; https://bacwater.ai/learn/insulin-syringe-sizes; https://bacwater.ai/learn/too-much-bac-water; https://bacwater.ai/learn/how-to-reconstitute-bpc-157; https://bacwater.ai/learn/what-is-bac-water; https://bacwater.ai/learn/how-to-use-an-insulin-syringe; https://bacwater.ai/learn/how-to-store-reconstituted-peptides; https://bacwater.ai/learn/common-mistakes-to-avoid; https://bacwater.ai/learn/how-to-reconstitute-semaglutide; https://bacwater.ai/learn?type=guide; https://bacwater.ai/learn?type=peptide-guide; https://bacwater.ai/learn?type=comparison; https://bacwater.ai/learn?topic=dosage; https://bacwater.ai/learn?topic=storage; https://bacwater.ai/learn?topic=safety; https://bacwater.ai/learn?topic=ingredients; https://bacwater.ai/learn?topic=injection-supplies; https://bacwater.ai/learn?topic=reconstitution-method; https://bacwater.ai/learn?peptide=bpc-157; https://bacwater.ai/learn?peptide=tb-500; https://bacwater.ai/learn?peptide=ipamorelin; https://bacwater.ai/learn?peptide=cjc-1295-no-dac; https://bacwater.ai/learn?peptide=cjc-1295-with-dac; https://bacwater.ai/learn?peptide=sermorelin; https://bacwater.ai/learn?peptide=hexarelin; https://bacwater.ai/learn?peptide=semaglutide; https://bacwater.ai/learn?peptide=tirzepatide; https://bacwater.ai/learn?peptide=retatrutide; https://bacwater.ai/learn?peptide=cagrilintide; https://bacwater.ai/learn?peptide=mots-c; https://bacwater.ai/learn?peptide=epithalon; https://bacwater.ai/learn?peptide=ghk-cu; https://bacwater.ai/learn?peptide=melanotan-2; https://bacwater.ai/learn?peptide=ss-31; https://bacwater.ai/learn?peptide=selank; https://bacwater.ai/learn?peptide=semax; https://bacwater.ai/learn?peptide=aod-9604; https://bacwater.ai/learn?peptide=kisspeptin-10; https://bacwater.ai/learn?peptide=pt-141; https://bacwater.ai/learn?peptide=hcg; https://bacwater.ai/learn?peptide=glow-blend; https://bacwater.ai/learn?peptide=custom; https://bacwater.ai/search; https://bacwater.ai/signin; https://bacwater.ai/signup; https://bacwater.ai/plans; https://bacwater.ai/plans/labels; https://bacwater.ai/plan/new; https://bacwater.ai/forgot-password; https://bacwater.ai/reset-password; https://bacwater.ai/calculate/product/amino-h2o; https://bacwater.ai/calculate/product/glp-1; https://bacwater.ai/calculate/product/glp-2; https://bacwater.ai/calculate/product/glp-3; https://bacwater.ai/calculate/product/bpc-157; https://bacwater.ai/calculate/product/ghk-cu; https://bacwater.ai/calculate/product/tb-500; https://bacwater.ai/calculate/product/tesamorlin; https://bacwater.ai/calculate/product/mots-c; https://bacwater.ai/calculate/product/nad-plus; https://bacwater.ai/calculate/product/cjc-ipa-no-dac; https://bacwater.ai/calculate/product/kpv; https://bacwater.ai/calculate/product/klow; https://bacwater.ai/calculate/product/semax; https://bacwater.ai/calculate/product/glutathione; https://bacwater.ai/calculate/product/melanotan-ii; https://bacwater.ai/calculate/product/glow; https://bacwater.ai/calculate/product/selank; https://bacwater.ai/calculate/product/melanotan-i; https://bacwater.ai/calculate/product/igf-1-lr3; https://bacwater.ai/calculate/product/5-amino-1mq; https://bacwater.ai/calculate/product/wolverine-stack; https://bacwater.ai/calculate/product/pt-141; https://bacwater.ai/calculate/product/cagrilintide; https://bacwater.ai/calculate/product/aod-9604; https://bacwater.ai/calculate/product/dsip; https://bacwater.ai/calculate/product/epithalon; https://bacwater.ai/calculate/product/ipamorelin; https://bacwater.ai/calculate/product/snap-8; https://bacwater.ai/calculate/product/thymosin-alpha-1; https://bacwater.ai/calculate/product/ghkcu-spray; https://bacwater.ai/calculate/product/nad-plus-spray; https://bacwater.ai/calculate/product/semax-spray; https://bacwater.ai/calculate/product/selank-spray; https://bacwater.ai/calculate/product/pt-141-spray; https://bacwater.ai/calculate/product/melanotan-ii-spray; https://bacwater.ai/calculate/product/ll-37; https://bacwater.ai/calculate/product/cartalax; https://bacwater.ai/calculate/product/sermorelin; https://bacwater.ai/calculate/product/kisspeptin; https://bacwater.ai/calculate/product/dihexa; https://bacwater.ai/calculate/product/vip; https://bacwater.ai/calculate/product/ara-290; https://bacwater.ai/calculate/product/dsip-spray; https://bacwater.ai/calculate/product/adalank-spray; https://bacwater.ai/calculate/product/adamax-spray; https://bacwater.ai/calculate/product/bpc-tb-spray; https://bacwater.ai/calculate/product/bpc-spray; https://bacwater.ai/calculate/product/pinealon; https://bacwater.ai/calculate/product/ahk-cu; https://bacwater.ai/learn?type=faq; https://bacwater.ai/learn?type=buying-guide; https://bacwater.ai/learn?type=safety; https://bacwater.ai/learn?topic=where-to-buy; https://bacwater.ai/calculate/bpc-157; https://bacwater.ai/calculate/tb-500; https://bacwater.ai/calculate/ipamorelin; https://bacwater.ai/calculate/cjc-1295-no-dac; https://bacwater.ai/calculate/cjc-1295-with-dac; https://bacwater.ai/calculate/sermorelin; https://bacwater.ai/calculate/hexarelin; https://bacwater.ai/calculate/semaglutide; https://bacwater.ai/calculate/tirzepatide; https://bacwater.ai/calculate/retatrutide; https://bacwater.ai/calculate/cagrilintide; https://bacwater.ai/calculate/mots-c; https://bacwater.ai/calculate/epithalon; https://bacwater.ai/calculate/ghk-cu; https://bacwater.ai/calculate/melanotan-2; https://bacwater.ai/calculate/ss-31; https://bacwater.ai/calculate/selank; https://bacwater.ai/calculate/semax; https://bacwater.ai/calculate/aod-9604; https://bacwater.ai/calculate/kisspeptin-10; https://bacwater.ai/calculate/pt-141; https://bacwater.ai/calculate/hcg; https://bacwater.ai/calculate/glow-blend; https://bacwater.ai/calculate/custom,NOT TESTED in this live audit: shared browser approval blocked
https://bacwater.ai/products/5-amino-1mq,200,https://bacwater.ai/products/5-amino-1mq,5-Amino-1MQ: Research Explained Simply | BACwater.ai,1,sitemap; https://bacwater.ai/products/glp-3; https://bacwater.ai/products/tesamorlin; https://bacwater.ai/products/mots-c; https://bacwater.ai/recommendations; https://bacwater.ai/; https://bacwater.ai/sitemap,NOT TESTED in this live audit: shared browser approval blocked
https://bacwater.ai/products/adalank-spray,200,https://bacwater.ai/products/adalank-spray,Adalank Spray: Research Explained Simply | BACwater.ai,1,sitemap; https://bacwater.ai/recommendations; https://bacwater.ai/; https://bacwater.ai/sitemap,NOT TESTED in this live audit: shared browser approval blocked
https://bacwater.ai/products/adamax-spray,200,https://bacwater.ai/products/adamax-spray,Adamax Spray: Research Explained Simply | BACwater.ai,1,sitemap; https://bacwater.ai/recommendations; https://bacwater.ai/; https://bacwater.ai/sitemap,NOT TESTED in this live audit: shared browser approval blocked
https://bacwater.ai/products/ahk-cu,200,https://bacwater.ai/products/ahk-cu,AHK-Cu: Research Explained Simply | BACwater.ai,1,sitemap; https://bacwater.ai/recommendations; https://bacwater.ai/; https://bacwater.ai/sitemap,NOT TESTED in this live audit: shared browser approval blocked
https://bacwater.ai/products/amino-h2o,200,https://bacwater.ai/products/amino-h2o,BAC Water: Research Explained Simply | BACwater.ai,1,sitemap; https://bacwater.ai/recommendations; https://bacwater.ai/; https://bacwater.ai/sitemap,NOT TESTED in this live audit: shared browser approval blocked
https://bacwater.ai/products/aod-9604,200,https://bacwater.ai/products/aod-9604,AOD-9604: Research Explained Simply | BACwater.ai,1,sitemap; https://bacwater.ai/recommendations; https://bacwater.ai/; https://bacwater.ai/sitemap,NOT TESTED in this live audit: shared browser approval blocked
https://bacwater.ai/products/ara-290,200,https://bacwater.ai/products/ara-290,ARA-290: Research Explained Simply | BACwater.ai,1,sitemap; https://bacwater.ai/recommendations; https://bacwater.ai/; https://bacwater.ai/sitemap,NOT TESTED in this live audit: shared browser approval blocked
https://bacwater.ai/products/bpc-157,200,https://bacwater.ai/products/bpc-157,BPC-157: Research Explained Simply | BACwater.ai,1,sitemap; https://bacwater.ai/products/tb-500; https://bacwater.ai/products/wolverine-stack; https://bacwater.ai/recommendations; https://bacwater.ai/; https://bacwater.ai/sitemap,NOT TESTED in this live audit: shared browser approval blocked
https://bacwater.ai/products/bpc-spray,200,https://bacwater.ai/products/bpc-spray,BPC-157 Spray: Research Explained Simply | BACwater.ai,1,sitemap; https://bacwater.ai/recommendations; https://bacwater.ai/; https://bacwater.ai/sitemap,NOT TESTED in this live audit: shared browser approval blocked
https://bacwater.ai/products/bpc-tb-spray,200,https://bacwater.ai/products/bpc-tb-spray,BPC-157/TB-500 Spray (Wolverine): Research Explained Simply | BACwater.ai,1,sitemap; https://bacwater.ai/recommendations; https://bacwater.ai/; https://bacwater.ai/sitemap,NOT TESTED in this live audit: shared browser approval blocked
https://bacwater.ai/products/cagrilintide,200,https://bacwater.ai/products/cagrilintide,Cagrilintide: Research Explained Simply | BACwater.ai,1,sitemap; https://bacwater.ai/recommendations; https://bacwater.ai/; https://bacwater.ai/sitemap,NOT TESTED in this live audit: shared browser approval blocked
https://bacwater.ai/products/cartalax,200,https://bacwater.ai/products/cartalax,Cartalax: Research Explained Simply | BACwater.ai,1,sitemap; https://bacwater.ai/products/epithalon; https://bacwater.ai/recommendations; https://bacwater.ai/; https://bacwater.ai/sitemap,NOT TESTED in this live audit: shared browser approval blocked
https://bacwater.ai/products/cjc-ipa-no-dac,200,https://bacwater.ai/products/cjc-ipa-no-dac,CJC-1295 / Ipamorelin (No DAC): Research Explained Simply | BACwater.ai,1,sitemap; https://bacwater.ai/products/igf-1-lr3; https://bacwater.ai/products/ipamorelin; https://bacwater.ai/recommendations; https://bacwater.ai/; https://bacwater.ai/sitemap,NOT TESTED in this live audit: shared browser approval blocked
https://bacwater.ai/products/dihexa,200,https://bacwater.ai/products/dihexa,Dihexa: Research Explained Simply | BACwater.ai,1,sitemap; https://bacwater.ai/recommendations; https://bacwater.ai/; https://bacwater.ai/sitemap,NOT TESTED in this live audit: shared browser approval blocked
https://bacwater.ai/products/dsip,200,https://bacwater.ai/products/dsip,DSIP: Research Explained Simply | BACwater.ai,1,sitemap; https://bacwater.ai/recommendations; https://bacwater.ai/; https://bacwater.ai/sitemap,NOT TESTED in this live audit: shared browser approval blocked
https://bacwater.ai/products/dsip-spray,200,https://bacwater.ai/products/dsip-spray,DSIP Spray: Research Explained Simply | BACwater.ai,1,sitemap; https://bacwater.ai/recommendations; https://bacwater.ai/; https://bacwater.ai/sitemap,NOT TESTED in this live audit: shared browser approval blocked
https://bacwater.ai/products/epithalon,200,https://bacwater.ai/products/epithalon,Epithalon: Research Explained Simply | BACwater.ai,1,sitemap; https://bacwater.ai/products/cartalax; https://bacwater.ai/recommendations; https://bacwater.ai/; https://bacwater.ai/sitemap,NOT TESTED in this live audit: shared browser approval blocked
https://bacwater.ai/products/ghk-cu,200,https://bacwater.ai/products/ghk-cu,GHK-Cu: Research Explained Simply | BACwater.ai,1,sitemap; https://bacwater.ai/products/klow; https://bacwater.ai/products/glow; https://bacwater.ai/products/snap-8; https://bacwater.ai/recommendations; https://bacwater.ai/; https://bacwater.ai/sitemap,NOT TESTED in this live audit: shared browser approval blocked
https://bacwater.ai/products/ghkcu-spray,200,https://bacwater.ai/products/ghkcu-spray,GHK-Cu SPRAY: Research Explained Simply | BACwater.ai,1,sitemap; https://bacwater.ai/products/glp-1; https://bacwater.ai/products/glp-2; https://bacwater.ai/products/nad-plus-spray; https://bacwater.ai/products/semax-spray; https://bacwater.ai/products/selank-spray; https://bacwater.ai/products/pt-141-spray; https://bacwater.ai/products/melanotan-ii-spray; https://bacwater.ai/products/sermorelin; https://bacwater.ai/products/kisspeptin; https://bacwater.ai/products/dihexa; https://bacwater.ai/products/vip; https://bacwater.ai/products/ara-290; https://bacwater.ai/products/dsip-spray; https://bacwater.ai/products/adalank-spray; https://bacwater.ai/products/adamax-spray; https://bacwater.ai/products/bpc-tb-spray; https://bacwater.ai/products/bpc-spray; https://bacwater.ai/products/pinealon; https://bacwater.ai/products/ahk-cu; https://bacwater.ai/recommendations; https://bacwater.ai/; https://bacwater.ai/sitemap,NOT TESTED in this live audit: shared browser approval blocked
https://bacwater.ai/products/glow,200,https://bacwater.ai/products/glow,GLOW: Research Explained Simply | BACwater.ai,1,sitemap; https://bacwater.ai/products/ghk-cu; https://bacwater.ai/products/klow; https://bacwater.ai/products/snap-8; https://bacwater.ai/recommendations; https://bacwater.ai/; https://bacwater.ai/sitemap,NOT TESTED in this live audit: shared browser approval blocked
https://bacwater.ai/products/glp-1,200,https://bacwater.ai/products/glp-1,GLP-1 (SM): Research Explained Simply | BACwater.ai,1,sitemap; https://bacwater.ai/products/glp-2; https://bacwater.ai/products/ghkcu-spray; https://bacwater.ai/products/nad-plus-spray; https://bacwater.ai/products/semax-spray; https://bacwater.ai/products/selank-spray; https://bacwater.ai/products/pt-141-spray; https://bacwater.ai/products/melanotan-ii-spray; https://bacwater.ai/products/sermorelin; https://bacwater.ai/products/kisspeptin; https://bacwater.ai/products/dihexa; https://bacwater.ai/products/vip; https://bacwater.ai/products/ara-290; https://bacwater.ai/products/dsip-spray; https://bacwater.ai/products/adalank-spray; https://bacwater.ai/products/adamax-spray; https://bacwater.ai/products/bpc-tb-spray; https://bacwater.ai/products/bpc-spray; https://bacwater.ai/products/pinealon; https://bacwater.ai/products/ahk-cu; https://bacwater.ai/recommendations; https://bacwater.ai/; https://bacwater.ai/sitemap,NOT TESTED in this live audit: shared browser approval blocked
https://bacwater.ai/products/glp-2,200,https://bacwater.ai/products/glp-2,GLP-2 (TR): Research Explained Simply | BACwater.ai,1,sitemap; https://bacwater.ai/products/glp-1; https://bacwater.ai/products/ghkcu-spray; https://bacwater.ai/products/nad-plus-spray; https://bacwater.ai/products/semax-spray; https://bacwater.ai/products/selank-spray; https://bacwater.ai/products/pt-141-spray; https://bacwater.ai/products/melanotan-ii-spray; https://bacwater.ai/products/sermorelin; https://bacwater.ai/products/kisspeptin; https://bacwater.ai/products/dihexa; https://bacwater.ai/products/vip; https://bacwater.ai/products/ara-290; https://bacwater.ai/products/dsip-spray; https://bacwater.ai/products/adalank-spray; https://bacwater.ai/products/adamax-spray; https://bacwater.ai/products/bpc-tb-spray; https://bacwater.ai/products/bpc-spray; https://bacwater.ai/products/pinealon; https://bacwater.ai/products/ahk-cu; https://bacwater.ai/recommendations; https://bacwater.ai/; https://bacwater.ai/sitemap,NOT TESTED in this live audit: shared browser approval blocked
https://bacwater.ai/products/glp-3,200,https://bacwater.ai/products/glp-3,GLP-3 (RT): Research Explained Simply | BACwater.ai,1,sitemap; https://bacwater.ai/products/tesamorlin; https://bacwater.ai/products/mots-c; https://bacwater.ai/products/5-amino-1mq; https://bacwater.ai/products/cagrilintide; https://bacwater.ai/products/aod-9604; https://bacwater.ai/recommendations; https://bacwater.ai/; https://bacwater.ai/sitemap,NOT TESTED in this live audit: shared browser approval blocked
https://bacwater.ai/products/glutathione,200,https://bacwater.ai/products/glutathione,Glutathione: Research Explained Simply | BACwater.ai,1,sitemap; https://bacwater.ai/recommendations; https://bacwater.ai/; https://bacwater.ai/sitemap,NOT TESTED in this live audit: shared browser approval blocked
https://bacwater.ai/products/igf-1-lr3,200,https://bacwater.ai/products/igf-1-lr3,IGF-1 LR3: Research Explained Simply | BACwater.ai,1,sitemap; https://bacwater.ai/products/cjc-ipa-no-dac; https://bacwater.ai/products/ipamorelin; https://bacwater.ai/recommendations; https://bacwater.ai/; https://bacwater.ai/sitemap,NOT TESTED in this live audit: shared browser approval blocked
https://bacwater.ai/products/ipamorelin,200,https://bacwater.ai/products/ipamorelin,Ipamorelin: Research Explained Simply | BACwater.ai,1,sitemap; https://bacwater.ai/products/cjc-ipa-no-dac; https://bacwater.ai/products/igf-1-lr3; https://bacwater.ai/recommendations; https://bacwater.ai/; https://bacwater.ai/sitemap,NOT TESTED in this live audit: shared browser approval blocked
https://bacwater.ai/products/kisspeptin,200,https://bacwater.ai/products/kisspeptin,Kisspeptin: Research Explained Simply | BACwater.ai,1,sitemap; https://bacwater.ai/recommendations; https://bacwater.ai/; https://bacwater.ai/sitemap,NOT TESTED in this live audit: shared browser approval blocked
https://bacwater.ai/products/klow,200,https://bacwater.ai/products/klow,KLOW: Research Explained Simply | BACwater.ai,1,sitemap; https://bacwater.ai/products/ghk-cu; https://bacwater.ai/products/glow; https://bacwater.ai/products/snap-8; https://bacwater.ai/recommendations; https://bacwater.ai/; https://bacwater.ai/sitemap,NOT TESTED in this live audit: shared browser approval blocked
https://bacwater.ai/products/kpv,200,https://bacwater.ai/products/kpv,KPV: Research Explained Simply | BACwater.ai,1,sitemap; https://bacwater.ai/recommendations; https://bacwater.ai/; https://bacwater.ai/sitemap,NOT TESTED in this live audit: shared browser approval blocked
https://bacwater.ai/products/ll-37,200,https://bacwater.ai/products/ll-37,LL-37: Research Explained Simply | BACwater.ai,1,sitemap; https://bacwater.ai/products/thymosin-alpha-1; https://bacwater.ai/recommendations; https://bacwater.ai/; https://bacwater.ai/sitemap,NOT TESTED in this live audit: shared browser approval blocked
https://bacwater.ai/products/melanotan-i,200,https://bacwater.ai/products/melanotan-i,Melanotan I: Research Explained Simply | BACwater.ai,1,sitemap; https://bacwater.ai/products/melanotan-ii; https://bacwater.ai/products/pt-141; https://bacwater.ai/recommendations; https://bacwater.ai/; https://bacwater.ai/sitemap,NOT TESTED in this live audit: shared browser approval blocked
https://bacwater.ai/products/melanotan-ii,200,https://bacwater.ai/products/melanotan-ii,Melanotan II: Research Explained Simply | BACwater.ai,1,sitemap; https://bacwater.ai/products/melanotan-i; https://bacwater.ai/products/pt-141; https://bacwater.ai/recommendations; https://bacwater.ai/; https://bacwater.ai/sitemap,NOT TESTED in this live audit: shared browser approval blocked
https://bacwater.ai/products/melanotan-ii-spray,200,https://bacwater.ai/products/melanotan-ii-spray,Melanotan II Spray: Research Explained Simply | BACwater.ai,1,sitemap; https://bacwater.ai/recommendations; https://bacwater.ai/; https://bacwater.ai/sitemap,NOT TESTED in this live audit: shared browser approval blocked
https://bacwater.ai/products/mots-c,200,https://bacwater.ai/products/mots-c,MOTS-C: Research Explained Simply | BACwater.ai,1,sitemap; https://bacwater.ai/products/glp-3; https://bacwater.ai/products/tesamorlin; https://bacwater.ai/products/5-amino-1mq; https://bacwater.ai/products/cagrilintide; https://bacwater.ai/products/aod-9604; https://bacwater.ai/recommendations; https://bacwater.ai/; https://bacwater.ai/sitemap,NOT TESTED in this live audit: shared browser approval blocked
https://bacwater.ai/products/nad-plus,200,https://bacwater.ai/products/nad-plus,NAD+: Research Explained Simply | BACwater.ai,1,sitemap; https://bacwater.ai/recommendations; https://bacwater.ai/; https://bacwater.ai/sitemap,NOT TESTED in this live audit: shared browser approval blocked
https://bacwater.ai/products/nad-plus-spray,200,https://bacwater.ai/products/nad-plus-spray,NAD+ SPRAY: Research Explained Simply | BACwater.ai,1,sitemap; https://bacwater.ai/products/glp-1; https://bacwater.ai/products/glp-2; https://bacwater.ai/products/ghkcu-spray; https://bacwater.ai/recommendations; https://bacwater.ai/; https://bacwater.ai/sitemap,NOT TESTED in this live audit: shared browser approval blocked
https://bacwater.ai/products/pinealon,200,https://bacwater.ai/products/pinealon,Pinealon: Research Explained Simply | BACwater.ai,1,sitemap; https://bacwater.ai/recommendations; https://bacwater.ai/; https://bacwater.ai/sitemap,NOT TESTED in this live audit: shared browser approval blocked
https://bacwater.ai/products/pt-141,200,https://bacwater.ai/products/pt-141,PT-141: Research Explained Simply | BACwater.ai,1,sitemap; https://bacwater.ai/products/melanotan-ii; https://bacwater.ai/products/melanotan-i; https://bacwater.ai/recommendations; https://bacwater.ai/; https://bacwater.ai/sitemap,NOT TESTED in this live audit: shared browser approval blocked
https://bacwater.ai/products/pt-141-spray,200,https://bacwater.ai/products/pt-141-spray,PT-141 SPRAY: Research Explained Simply | BACwater.ai,1,sitemap; https://bacwater.ai/recommendations; https://bacwater.ai/; https://bacwater.ai/sitemap,NOT TESTED in this live audit: shared browser approval blocked
https://bacwater.ai/products/selank,200,https://bacwater.ai/products/selank,SELANK: Research Explained Simply | BACwater.ai,1,sitemap; https://bacwater.ai/products/semax; https://bacwater.ai/recommendations; https://bacwater.ai/; https://bacwater.ai/sitemap,NOT TESTED in this live audit: shared browser approval blocked
https://bacwater.ai/products/selank-spray,200,https://bacwater.ai/products/selank-spray,SELANK SPRAY: Research Explained Simply | BACwater.ai,1,sitemap; https://bacwater.ai/recommendations; https://bacwater.ai/; https://bacwater.ai/sitemap,NOT TESTED in this live audit: shared browser approval blocked
https://bacwater.ai/products/semax,200,https://bacwater.ai/products/semax,SEMAX: Research Explained Simply | BACwater.ai,1,sitemap; https://bacwater.ai/products/selank; https://bacwater.ai/recommendations; https://bacwater.ai/; https://bacwater.ai/sitemap,NOT TESTED in this live audit: shared browser approval blocked
https://bacwater.ai/products/semax-spray,200,https://bacwater.ai/products/semax-spray,SEMAX SPRAY: Research Explained Simply | BACwater.ai,1,sitemap; https://bacwater.ai/recommendations; https://bacwater.ai/; https://bacwater.ai/sitemap,NOT TESTED in this live audit: shared browser approval blocked
https://bacwater.ai/products/sermorelin,200,https://bacwater.ai/products/sermorelin,Sermorelin: Research Explained Simply | BACwater.ai,1,sitemap; https://bacwater.ai/recommendations; https://bacwater.ai/; https://bacwater.ai/sitemap,NOT TESTED in this live audit: shared browser approval blocked
https://bacwater.ai/products/snap-8,200,https://bacwater.ai/products/snap-8,SNAP-8: Research Explained Simply | BACwater.ai,1,sitemap; https://bacwater.ai/products/ghk-cu; https://bacwater.ai/products/klow; https://bacwater.ai/products/glow; https://bacwater.ai/recommendations; https://bacwater.ai/; https://bacwater.ai/sitemap,NOT TESTED in this live audit: shared browser approval blocked
https://bacwater.ai/products/tb-500,200,https://bacwater.ai/products/tb-500,TB-500: Research Explained Simply | BACwater.ai,1,sitemap; https://bacwater.ai/products/bpc-157; https://bacwater.ai/products/wolverine-stack; https://bacwater.ai/recommendations; https://bacwater.ai/; https://bacwater.ai/sitemap,NOT TESTED in this live audit: shared browser approval blocked
https://bacwater.ai/products/tesamorlin,200,https://bacwater.ai/products/tesamorlin,Tesamorlin: Research Explained Simply | BACwater.ai,1,sitemap; https://bacwater.ai/products/glp-3; https://bacwater.ai/products/mots-c; https://bacwater.ai/products/5-amino-1mq; https://bacwater.ai/products/cagrilintide; https://bacwater.ai/products/aod-9604; https://bacwater.ai/recommendations; https://bacwater.ai/; https://bacwater.ai/sitemap,NOT TESTED in this live audit: shared browser approval blocked
https://bacwater.ai/products/thymosin-alpha-1,200,https://bacwater.ai/products/thymosin-alpha-1,Thymosin Alpha-1: Research Explained Simply | BACwater.ai,1,sitemap; https://bacwater.ai/products/ll-37; https://bacwater.ai/recommendations; https://bacwater.ai/; https://bacwater.ai/sitemap,NOT TESTED in this live audit: shared browser approval blocked
https://bacwater.ai/products/vip,200,https://bacwater.ai/products/vip,VIP: Research Explained Simply | BACwater.ai,1,sitemap; https://bacwater.ai/recommendations; https://bacwater.ai/; https://bacwater.ai/sitemap,NOT TESTED in this live audit: shared browser approval blocked
https://bacwater.ai/products/wolverine-stack,200,https://bacwater.ai/products/wolverine-stack,BPC-157/TB-500 (Wolverine): Research Explained Simply | BACwater.ai,1,sitemap; https://bacwater.ai/products/bpc-157; https://bacwater.ai/products/tb-500; https://bacwater.ai/recommendations; https://bacwater.ai/; https://bacwater.ai/sitemap,NOT TESTED in this live audit: shared browser approval blocked
https://bacwater.ai/recommendations,200,https://bacwater.ai/recommendations,Research Peptides and BAC Water Directory | BACwater.ai,1,sitemap; source/history; https://bacwater.ai/research-finder; https://bacwater.ai/products/amino-h2o; https://bacwater.ai/products/glp-1; https://bacwater.ai/products/glp-2; https://bacwater.ai/products/glp-3; https://bacwater.ai/products/bpc-157; https://bacwater.ai/products/ghk-cu; https://bacwater.ai/products/tb-500; https://bacwater.ai/products/tesamorlin; https://bacwater.ai/products/mots-c; https://bacwater.ai/products/nad-plus; https://bacwater.ai/products/cjc-ipa-no-dac; https://bacwater.ai/products/kpv; https://bacwater.ai/products/klow; https://bacwater.ai/products/semax; https://bacwater.ai/products/glutathione; https://bacwater.ai/products/melanotan-ii; https://bacwater.ai/products/glow; https://bacwater.ai/products/selank; https://bacwater.ai/products/melanotan-i; https://bacwater.ai/products/igf-1-lr3; https://bacwater.ai/products/5-amino-1mq; https://bacwater.ai/products/wolverine-stack; https://bacwater.ai/products/pt-141; https://bacwater.ai/products/cagrilintide; https://bacwater.ai/products/aod-9604; https://bacwater.ai/products/dsip; https://bacwater.ai/products/epithalon; https://bacwater.ai/products/ipamorelin; https://bacwater.ai/products/snap-8; https://bacwater.ai/products/thymosin-alpha-1; https://bacwater.ai/products/ghkcu-spray; https://bacwater.ai/products/nad-plus-spray; https://bacwater.ai/products/semax-spray; https://bacwater.ai/products/selank-spray; https://bacwater.ai/products/pt-141-spray; https://bacwater.ai/products/melanotan-ii-spray; https://bacwater.ai/products/ll-37; https://bacwater.ai/products/cartalax; https://bacwater.ai/products/sermorelin; https://bacwater.ai/products/kisspeptin; https://bacwater.ai/products/dihexa; https://bacwater.ai/products/vip; https://bacwater.ai/products/ara-290; https://bacwater.ai/products/dsip-spray; https://bacwater.ai/products/adalank-spray; https://bacwater.ai/products/adamax-spray; https://bacwater.ai/products/bpc-tb-spray; https://bacwater.ai/products/bpc-spray; https://bacwater.ai/products/pinealon; https://bacwater.ai/products/ahk-cu; https://bacwater.ai/share-tools; https://bacwater.ai/recommendations; https://bacwater.ai/embed; https://bacwater.ai/methodology; https://bacwater.ai/compare-calculators; https://bacwater.ai/; https://bacwater.ai/peptides; https://bacwater.ai/peptides/compare; https://bacwater.ai/learn; https://bacwater.ai/faq; https://bacwater.ai/sitemap; https://bacwater.ai/tools; https://bacwater.ai/tools/vial-labels; https://bacwater.ai/learn/glossary; https://bacwater.ai/learn/bac-water-shelf-life; https://bacwater.ai/learn/where-to-buy-bacteriostatic-water; https://bacwater.ai/learn/bac-water-for-peptides; https://bacwater.ai/learn/what-you-cannot-know; https://bacwater.ai/about; https://bacwater.ai/contact; https://bacwater.ai/editorial-policy; https://bacwater.ai/preferred-source; https://bacwater.ai/terms; https://bacwater.ai/privacy; https://bacwater.ai/disclaimer; https://bacwater.ai/peptides/bpc-157; https://bacwater.ai/peptides/tb-500; https://bacwater.ai/peptides/ipamorelin; https://bacwater.ai/peptides/cjc-1295-no-dac; https://bacwater.ai/peptides/cjc-1295-with-dac; https://bacwater.ai/peptides/sermorelin; https://bacwater.ai/peptides/hexarelin; https://bacwater.ai/peptides/semaglutide; https://bacwater.ai/peptides/tirzepatide; https://bacwater.ai/peptides/retatrutide; https://bacwater.ai/peptides/cagrilintide; https://bacwater.ai/peptides/mots-c; https://bacwater.ai/peptides/epithalon; https://bacwater.ai/peptides/ghk-cu; https://bacwater.ai/peptides/melanotan-2; https://bacwater.ai/peptides/ss-31; https://bacwater.ai/peptides/selank; https://bacwater.ai/peptides/semax; https://bacwater.ai/peptides/aod-9604; https://bacwater.ai/peptides/kisspeptin-10; https://bacwater.ai/peptides/pt-141; https://bacwater.ai/peptides/hcg; https://bacwater.ai/peptides/glow-blend; https://bacwater.ai/peptides/custom; https://bacwater.ai/learn/vs/sterile-water; https://bacwater.ai/learn/vs/saline; https://bacwater.ai/learn/vs/sodium-chloride; https://bacwater.ai/learn/vs/distilled-water; https://bacwater.ai/learn/vs/benzyl-alcohol; https://bacwater.ai/learn/vs/acetic-acid; https://bacwater.ai/learn/vs/reconstitution-solution; https://bacwater.ai/learn/what-syringe-units-mean; https://bacwater.ai/learn/how-peptide-reconstitution-works; https://bacwater.ai/learn/how-to-read-a-peptide-vial; https://bacwater.ai/learn/how-to-reconstitute-tirzepatide; https://bacwater.ai/learn/how-to-read-an-insulin-syringe; https://bacwater.ai/learn/peptide-reconstitution-chart; https://bacwater.ai/learn/insulin-syringe-sizes; https://bacwater.ai/learn/too-much-bac-water; https://bacwater.ai/learn/how-to-reconstitute-bpc-157; https://bacwater.ai/learn/what-is-bac-water; https://bacwater.ai/learn/how-to-use-an-insulin-syringe; https://bacwater.ai/learn/how-to-store-reconstituted-peptides; https://bacwater.ai/learn/common-mistakes-to-avoid; https://bacwater.ai/learn/how-to-reconstitute-semaglutide; https://bacwater.ai/learn?type=guide; https://bacwater.ai/learn?type=peptide-guide; https://bacwater.ai/learn?type=comparison; https://bacwater.ai/learn?topic=dosage; https://bacwater.ai/learn?topic=storage; https://bacwater.ai/learn?topic=safety; https://bacwater.ai/learn?topic=ingredients; https://bacwater.ai/learn?topic=injection-supplies; https://bacwater.ai/learn?topic=reconstitution-method; https://bacwater.ai/learn?peptide=bpc-157; https://bacwater.ai/learn?peptide=tb-500; https://bacwater.ai/learn?peptide=ipamorelin; https://bacwater.ai/learn?peptide=cjc-1295-no-dac; https://bacwater.ai/learn?peptide=cjc-1295-with-dac; https://bacwater.ai/learn?peptide=sermorelin; https://bacwater.ai/learn?peptide=hexarelin; https://bacwater.ai/learn?peptide=semaglutide; https://bacwater.ai/learn?peptide=tirzepatide; https://bacwater.ai/learn?peptide=retatrutide; https://bacwater.ai/learn?peptide=cagrilintide; https://bacwater.ai/learn?peptide=mots-c; https://bacwater.ai/learn?peptide=epithalon; https://bacwater.ai/learn?peptide=ghk-cu; https://bacwater.ai/learn?peptide=melanotan-2; https://bacwater.ai/learn?peptide=ss-31; https://bacwater.ai/learn?peptide=selank; https://bacwater.ai/learn?peptide=semax; https://bacwater.ai/learn?peptide=aod-9604; https://bacwater.ai/learn?peptide=kisspeptin-10; https://bacwater.ai/learn?peptide=pt-141; https://bacwater.ai/learn?peptide=hcg; https://bacwater.ai/learn?peptide=glow-blend; https://bacwater.ai/learn?peptide=custom; https://bacwater.ai/search; https://bacwater.ai/signin; https://bacwater.ai/signup; https://bacwater.ai/plans; https://bacwater.ai/plans/labels; https://bacwater.ai/forgot-password; https://bacwater.ai/reset-password; https://bacwater.ai/calculate/product/amino-h2o; https://bacwater.ai/calculate/product/glp-1; https://bacwater.ai/calculate/product/glp-2; https://bacwater.ai/calculate/product/glp-3; https://bacwater.ai/calculate/product/bpc-157; https://bacwater.ai/calculate/product/ghk-cu; https://bacwater.ai/calculate/product/tb-500; https://bacwater.ai/calculate/product/tesamorlin; https://bacwater.ai/calculate/product/mots-c; https://bacwater.ai/calculate/product/nad-plus; https://bacwater.ai/calculate/product/cjc-ipa-no-dac; https://bacwater.ai/calculate/product/kpv; https://bacwater.ai/calculate/product/klow; https://bacwater.ai/calculate/product/semax; https://bacwater.ai/calculate/product/glutathione; https://bacwater.ai/calculate/product/melanotan-ii; https://bacwater.ai/calculate/product/glow; https://bacwater.ai/calculate/product/selank; https://bacwater.ai/calculate/product/melanotan-i; https://bacwater.ai/calculate/product/igf-1-lr3; https://bacwater.ai/calculate/product/5-amino-1mq; https://bacwater.ai/calculate/product/wolverine-stack; https://bacwater.ai/calculate/product/pt-141; https://bacwater.ai/calculate/product/cagrilintide; https://bacwater.ai/calculate/product/aod-9604; https://bacwater.ai/calculate/product/dsip; https://bacwater.ai/calculate/product/epithalon; https://bacwater.ai/calculate/product/ipamorelin; https://bacwater.ai/calculate/product/snap-8; https://bacwater.ai/calculate/product/thymosin-alpha-1; https://bacwater.ai/calculate/product/ghkcu-spray; https://bacwater.ai/calculate/product/nad-plus-spray; https://bacwater.ai/calculate/product/semax-spray; https://bacwater.ai/calculate/product/selank-spray; https://bacwater.ai/calculate/product/pt-141-spray; https://bacwater.ai/calculate/product/melanotan-ii-spray; https://bacwater.ai/calculate/product/ll-37; https://bacwater.ai/calculate/product/cartalax; https://bacwater.ai/calculate/product/sermorelin; https://bacwater.ai/calculate/product/kisspeptin; https://bacwater.ai/calculate/product/dihexa; https://bacwater.ai/calculate/product/vip; https://bacwater.ai/calculate/product/ara-290; https://bacwater.ai/calculate/product/dsip-spray; https://bacwater.ai/calculate/product/adalank-spray; https://bacwater.ai/calculate/product/adamax-spray; https://bacwater.ai/calculate/product/bpc-tb-spray; https://bacwater.ai/calculate/product/bpc-spray; https://bacwater.ai/calculate/product/pinealon; https://bacwater.ai/calculate/product/ahk-cu; https://bacwater.ai/learn?type=faq; https://bacwater.ai/learn?type=buying-guide; https://bacwater.ai/learn?type=safety; https://bacwater.ai/learn?topic=where-to-buy; https://bacwater.ai/calculate/glow-blend,NOT TESTED in this live audit: shared browser approval blocked
https://bacwater.ai/research-finder,200,https://bacwater.ai/research-finder,"Research Assistant: Products, Studies and Calculators | BACwater.ai",1,sitemap; https://bacwater.ai/research-finder; https://bacwater.ai/products/amino-h2o; https://bacwater.ai/products/glp-1; https://bacwater.ai/products/glp-2; https://bacwater.ai/products/glp-3; https://bacwater.ai/products/bpc-157; https://bacwater.ai/products/ghk-cu; https://bacwater.ai/products/tb-500; https://bacwater.ai/products/tesamorlin; https://bacwater.ai/products/mots-c; https://bacwater.ai/products/nad-plus; https://bacwater.ai/products/cjc-ipa-no-dac; https://bacwater.ai/products/kpv; https://bacwater.ai/products/klow; https://bacwater.ai/products/semax; https://bacwater.ai/products/glutathione; https://bacwater.ai/products/melanotan-ii; https://bacwater.ai/products/glow; https://bacwater.ai/products/selank; https://bacwater.ai/products/melanotan-i; https://bacwater.ai/products/igf-1-lr3; https://bacwater.ai/products/5-amino-1mq; https://bacwater.ai/products/wolverine-stack; https://bacwater.ai/products/pt-141; https://bacwater.ai/products/cagrilintide; https://bacwater.ai/products/aod-9604; https://bacwater.ai/products/dsip; https://bacwater.ai/products/epithalon; https://bacwater.ai/products/ipamorelin; https://bacwater.ai/products/snap-8; https://bacwater.ai/products/thymosin-alpha-1; https://bacwater.ai/products/ghkcu-spray; https://bacwater.ai/products/nad-plus-spray; https://bacwater.ai/products/semax-spray; https://bacwater.ai/products/selank-spray; https://bacwater.ai/products/pt-141-spray; https://bacwater.ai/products/melanotan-ii-spray; https://bacwater.ai/products/ll-37; https://bacwater.ai/products/cartalax; https://bacwater.ai/products/sermorelin; https://bacwater.ai/products/kisspeptin; https://bacwater.ai/products/dihexa; https://bacwater.ai/products/vip; https://bacwater.ai/products/ara-290; https://bacwater.ai/products/dsip-spray; https://bacwater.ai/products/adalank-spray; https://bacwater.ai/products/adamax-spray; https://bacwater.ai/products/bpc-tb-spray; https://bacwater.ai/products/bpc-spray; https://bacwater.ai/products/pinealon; https://bacwater.ai/products/ahk-cu; https://bacwater.ai/share-tools; https://bacwater.ai/recommendations; https://bacwater.ai/embed; https://bacwater.ai/methodology; https://bacwater.ai/compare-calculators; https://bacwater.ai/; https://bacwater.ai/peptides; https://bacwater.ai/peptides/compare; https://bacwater.ai/learn; https://bacwater.ai/faq; https://bacwater.ai/sitemap; https://bacwater.ai/tools; https://bacwater.ai/tools/vial-labels; https://bacwater.ai/learn/glossary; https://bacwater.ai/learn/bac-water-shelf-life; https://bacwater.ai/learn/where-to-buy-bacteriostatic-water; https://bacwater.ai/learn/bac-water-for-peptides; https://bacwater.ai/learn/what-you-cannot-know; https://bacwater.ai/about; https://bacwater.ai/contact; https://bacwater.ai/editorial-policy; https://bacwater.ai/preferred-source; https://bacwater.ai/terms; https://bacwater.ai/privacy; https://bacwater.ai/disclaimer; https://bacwater.ai/peptides/bpc-157; https://bacwater.ai/peptides/tb-500; https://bacwater.ai/peptides/ipamorelin; https://bacwater.ai/peptides/cjc-1295-no-dac; https://bacwater.ai/peptides/cjc-1295-with-dac; https://bacwater.ai/peptides/sermorelin; https://bacwater.ai/peptides/hexarelin; https://bacwater.ai/peptides/semaglutide; https://bacwater.ai/peptides/tirzepatide; https://bacwater.ai/peptides/retatrutide; https://bacwater.ai/peptides/cagrilintide; https://bacwater.ai/peptides/mots-c; https://bacwater.ai/peptides/epithalon; https://bacwater.ai/peptides/ghk-cu; https://bacwater.ai/peptides/melanotan-2; https://bacwater.ai/peptides/ss-31; https://bacwater.ai/peptides/selank; https://bacwater.ai/peptides/semax; https://bacwater.ai/peptides/aod-9604; https://bacwater.ai/peptides/kisspeptin-10; https://bacwater.ai/peptides/pt-141; https://bacwater.ai/peptides/hcg; https://bacwater.ai/peptides/glow-blend; https://bacwater.ai/peptides/custom; https://bacwater.ai/learn/vs/sterile-water; https://bacwater.ai/learn/vs/saline; https://bacwater.ai/learn/vs/sodium-chloride; https://bacwater.ai/learn/vs/distilled-water; https://bacwater.ai/learn/vs/benzyl-alcohol; https://bacwater.ai/learn/vs/acetic-acid; https://bacwater.ai/learn/vs/reconstitution-solution; https://bacwater.ai/learn/what-syringe-units-mean; https://bacwater.ai/learn/how-peptide-reconstitution-works; https://bacwater.ai/learn/how-to-read-a-peptide-vial; https://bacwater.ai/learn/how-to-reconstitute-tirzepatide; https://bacwater.ai/learn/how-to-read-an-insulin-syringe; https://bacwater.ai/learn/peptide-reconstitution-chart; https://bacwater.ai/learn/insulin-syringe-sizes; https://bacwater.ai/learn/too-much-bac-water; https://bacwater.ai/learn/how-to-reconstitute-bpc-157; https://bacwater.ai/learn/what-is-bac-water; https://bacwater.ai/learn/how-to-use-an-insulin-syringe; https://bacwater.ai/learn/how-to-store-reconstituted-peptides; https://bacwater.ai/learn/common-mistakes-to-avoid; https://bacwater.ai/learn/how-to-reconstitute-semaglutide; https://bacwater.ai/learn?type=guide; https://bacwater.ai/learn?type=peptide-guide; https://bacwater.ai/learn?type=comparison; https://bacwater.ai/learn?topic=dosage; https://bacwater.ai/learn?topic=storage; https://bacwater.ai/learn?topic=safety; https://bacwater.ai/learn?topic=ingredients; https://bacwater.ai/learn?topic=injection-supplies; https://bacwater.ai/learn?topic=reconstitution-method; https://bacwater.ai/learn?peptide=bpc-157; https://bacwater.ai/learn?peptide=tb-500; https://bacwater.ai/learn?peptide=ipamorelin; https://bacwater.ai/learn?peptide=cjc-1295-no-dac; https://bacwater.ai/learn?peptide=cjc-1295-with-dac; https://bacwater.ai/learn?peptide=sermorelin; https://bacwater.ai/learn?peptide=hexarelin; https://bacwater.ai/learn?peptide=semaglutide; https://bacwater.ai/learn?peptide=tirzepatide; https://bacwater.ai/learn?peptide=retatrutide; https://bacwater.ai/learn?peptide=cagrilintide; https://bacwater.ai/learn?peptide=mots-c; https://bacwater.ai/learn?peptide=epithalon; https://bacwater.ai/learn?peptide=ghk-cu; https://bacwater.ai/learn?peptide=melanotan-2; https://bacwater.ai/learn?peptide=ss-31; https://bacwater.ai/learn?peptide=selank; https://bacwater.ai/learn?peptide=semax; https://bacwater.ai/learn?peptide=aod-9604; https://bacwater.ai/learn?peptide=kisspeptin-10; https://bacwater.ai/learn?peptide=pt-141; https://bacwater.ai/learn?peptide=hcg; https://bacwater.ai/learn?peptide=glow-blend; https://bacwater.ai/learn?peptide=custom; https://bacwater.ai/search; https://bacwater.ai/signin; https://bacwater.ai/signup; https://bacwater.ai/plans; https://bacwater.ai/plans/labels; https://bacwater.ai/forgot-password; https://bacwater.ai/reset-password; https://bacwater.ai/learn?type=faq; https://bacwater.ai/learn?type=buying-guide; https://bacwater.ai/learn?type=safety; https://bacwater.ai/learn?topic=where-to-buy,NOT TESTED in this live audit: shared browser approval blocked
https://bacwater.ai/reset-password,200,https://bacwater.ai/reset-password,Choose a new passphrase · BACwater.ai,1,source/history,NOT TESTED in this live audit: shared browser approval blocked
https://bacwater.ai/search,200,https://bacwater.ai/search,"Search calculators, products and guides · BACwater.ai",1,source/history; https://bacwater.ai/research-finder; https://bacwater.ai/products/amino-h2o; https://bacwater.ai/products/glp-1; https://bacwater.ai/products/glp-2; https://bacwater.ai/products/glp-3; https://bacwater.ai/products/bpc-157; https://bacwater.ai/products/ghk-cu; https://bacwater.ai/products/tb-500; https://bacwater.ai/products/tesamorlin; https://bacwater.ai/products/mots-c; https://bacwater.ai/products/nad-plus; https://bacwater.ai/products/cjc-ipa-no-dac; https://bacwater.ai/products/kpv; https://bacwater.ai/products/klow; https://bacwater.ai/products/semax; https://bacwater.ai/products/glutathione; https://bacwater.ai/products/melanotan-ii; https://bacwater.ai/products/glow; https://bacwater.ai/products/selank; https://bacwater.ai/products/melanotan-i; https://bacwater.ai/products/igf-1-lr3; https://bacwater.ai/products/5-amino-1mq; https://bacwater.ai/products/wolverine-stack; https://bacwater.ai/products/pt-141; https://bacwater.ai/products/cagrilintide; https://bacwater.ai/products/aod-9604; https://bacwater.ai/products/dsip; https://bacwater.ai/products/epithalon; https://bacwater.ai/products/ipamorelin; https://bacwater.ai/products/snap-8; https://bacwater.ai/products/thymosin-alpha-1; https://bacwater.ai/products/ghkcu-spray; https://bacwater.ai/products/nad-plus-spray; https://bacwater.ai/products/semax-spray; https://bacwater.ai/products/selank-spray; https://bacwater.ai/products/pt-141-spray; https://bacwater.ai/products/melanotan-ii-spray; https://bacwater.ai/products/ll-37; https://bacwater.ai/products/cartalax; https://bacwater.ai/products/sermorelin; https://bacwater.ai/products/kisspeptin; https://bacwater.ai/products/dihexa; https://bacwater.ai/products/vip; https://bacwater.ai/products/ara-290; https://bacwater.ai/products/dsip-spray; https://bacwater.ai/products/adalank-spray; https://bacwater.ai/products/adamax-spray; https://bacwater.ai/products/bpc-tb-spray; https://bacwater.ai/products/bpc-spray; https://bacwater.ai/products/pinealon; https://bacwater.ai/products/ahk-cu; https://bacwater.ai/share-tools; https://bacwater.ai/recommendations; https://bacwater.ai/embed; https://bacwater.ai/methodology; https://bacwater.ai/compare-calculators; https://bacwater.ai/; https://bacwater.ai/peptide-calculator; https://bacwater.ai/plan; https://bacwater.ai/peptides; https://bacwater.ai/peptides/compare; https://bacwater.ai/learn; https://bacwater.ai/faq; https://bacwater.ai/sitemap; https://bacwater.ai/tools; https://bacwater.ai/tools/bac-water; https://bacwater.ai/tools/dose; https://bacwater.ai/tools/syringe-units; https://bacwater.ai/tools/mg-to-mcg; https://bacwater.ai/tools/supplies; https://bacwater.ai/tools/reverse-bac; https://bacwater.ai/tools/vial-labels; https://bacwater.ai/learn/glossary; https://bacwater.ai/learn/bac-water-shelf-life; https://bacwater.ai/learn/where-to-buy-bacteriostatic-water; https://bacwater.ai/learn/bac-water-for-peptides; https://bacwater.ai/learn/what-you-cannot-know; https://bacwater.ai/about; https://bacwater.ai/contact; https://bacwater.ai/editorial-policy; https://bacwater.ai/preferred-source; https://bacwater.ai/terms; https://bacwater.ai/privacy; https://bacwater.ai/disclaimer; https://bacwater.ai/peptides/bpc-157; https://bacwater.ai/peptides/tb-500; https://bacwater.ai/peptides/ipamorelin; https://bacwater.ai/peptides/cjc-1295-no-dac; https://bacwater.ai/peptides/cjc-1295-with-dac; https://bacwater.ai/peptides/sermorelin; https://bacwater.ai/peptides/hexarelin; https://bacwater.ai/peptides/semaglutide; https://bacwater.ai/peptides/tirzepatide; https://bacwater.ai/peptides/retatrutide; https://bacwater.ai/peptides/cagrilintide; https://bacwater.ai/peptides/mots-c; https://bacwater.ai/peptides/epithalon; https://bacwater.ai/peptides/ghk-cu; https://bacwater.ai/peptides/melanotan-2; https://bacwater.ai/peptides/ss-31; https://bacwater.ai/peptides/selank; https://bacwater.ai/peptides/semax; https://bacwater.ai/peptides/aod-9604; https://bacwater.ai/peptides/kisspeptin-10; https://bacwater.ai/peptides/pt-141; https://bacwater.ai/peptides/hcg; https://bacwater.ai/peptides/glow-blend; https://bacwater.ai/peptides/custom; https://bacwater.ai/learn/vs/sterile-water; https://bacwater.ai/learn/vs/saline; https://bacwater.ai/learn/vs/sodium-chloride; https://bacwater.ai/learn/vs/distilled-water; https://bacwater.ai/learn/vs/benzyl-alcohol; https://bacwater.ai/learn/vs/acetic-acid; https://bacwater.ai/learn/vs/reconstitution-solution; https://bacwater.ai/learn/what-syringe-units-mean; https://bacwater.ai/learn/how-peptide-reconstitution-works; https://bacwater.ai/learn/how-to-read-a-peptide-vial; https://bacwater.ai/learn/how-to-reconstitute-tirzepatide; https://bacwater.ai/learn/how-to-read-an-insulin-syringe; https://bacwater.ai/learn/peptide-reconstitution-chart; https://bacwater.ai/learn/insulin-syringe-sizes; https://bacwater.ai/learn/too-much-bac-water; https://bacwater.ai/learn/how-to-reconstitute-bpc-157; https://bacwater.ai/learn/what-is-bac-water; https://bacwater.ai/learn/how-to-use-an-insulin-syringe; https://bacwater.ai/learn/how-to-store-reconstituted-peptides; https://bacwater.ai/learn/common-mistakes-to-avoid; https://bacwater.ai/learn/how-to-reconstitute-semaglutide; https://bacwater.ai/learn?type=guide; https://bacwater.ai/learn?type=peptide-guide; https://bacwater.ai/learn?type=comparison; https://bacwater.ai/learn?topic=dosage; https://bacwater.ai/learn?topic=storage; https://bacwater.ai/learn?topic=safety; https://bacwater.ai/learn?topic=ingredients; https://bacwater.ai/learn?topic=injection-supplies; https://bacwater.ai/learn?topic=reconstitution-method; https://bacwater.ai/learn?peptide=bpc-157; https://bacwater.ai/learn?peptide=tb-500; https://bacwater.ai/learn?peptide=ipamorelin; https://bacwater.ai/learn?peptide=cjc-1295-no-dac; https://bacwater.ai/learn?peptide=cjc-1295-with-dac; https://bacwater.ai/learn?peptide=sermorelin; https://bacwater.ai/learn?peptide=hexarelin; https://bacwater.ai/learn?peptide=semaglutide; https://bacwater.ai/learn?peptide=tirzepatide; https://bacwater.ai/learn?peptide=retatrutide; https://bacwater.ai/learn?peptide=cagrilintide; https://bacwater.ai/learn?peptide=mots-c; https://bacwater.ai/learn?peptide=epithalon; https://bacwater.ai/learn?peptide=ghk-cu; https://bacwater.ai/learn?peptide=melanotan-2; https://bacwater.ai/learn?peptide=ss-31; https://bacwater.ai/learn?peptide=selank; https://bacwater.ai/learn?peptide=semax; https://bacwater.ai/learn?peptide=aod-9604; https://bacwater.ai/learn?peptide=kisspeptin-10; https://bacwater.ai/learn?peptide=pt-141; https://bacwater.ai/learn?peptide=hcg; https://bacwater.ai/learn?peptide=glow-blend; https://bacwater.ai/learn?peptide=custom; https://bacwater.ai/search; https://bacwater.ai/signin; https://bacwater.ai/signup; https://bacwater.ai/plans; https://bacwater.ai/plans/labels; https://bacwater.ai/plan/new; https://bacwater.ai/forgot-password; https://bacwater.ai/reset-password; https://bacwater.ai/calculate/product/amino-h2o; https://bacwater.ai/calculate/product/glp-1; https://bacwater.ai/calculate/product/glp-2; https://bacwater.ai/calculate/product/glp-3; https://bacwater.ai/calculate/product/bpc-157; https://bacwater.ai/calculate/product/ghk-cu; https://bacwater.ai/calculate/product/tb-500; https://bacwater.ai/calculate/product/tesamorlin; https://bacwater.ai/calculate/product/mots-c; https://bacwater.ai/calculate/product/nad-plus; https://bacwater.ai/calculate/product/cjc-ipa-no-dac; https://bacwater.ai/calculate/product/kpv; https://bacwater.ai/calculate/product/klow; https://bacwater.ai/calculate/product/semax; https://bacwater.ai/calculate/product/glutathione; https://bacwater.ai/calculate/product/melanotan-ii; https://bacwater.ai/calculate/product/glow; https://bacwater.ai/calculate/product/selank; https://bacwater.ai/calculate/product/melanotan-i; https://bacwater.ai/calculate/product/igf-1-lr3; https://bacwater.ai/calculate/product/5-amino-1mq; https://bacwater.ai/calculate/product/wolverine-stack; https://bacwater.ai/calculate/product/pt-141; https://bacwater.ai/calculate/product/cagrilintide; https://bacwater.ai/calculate/product/aod-9604; https://bacwater.ai/calculate/product/dsip; https://bacwater.ai/calculate/product/epithalon; https://bacwater.ai/calculate/product/ipamorelin; https://bacwater.ai/calculate/product/snap-8; https://bacwater.ai/calculate/product/thymosin-alpha-1; https://bacwater.ai/calculate/product/ghkcu-spray; https://bacwater.ai/calculate/product/nad-plus-spray; https://bacwater.ai/calculate/product/semax-spray; https://bacwater.ai/calculate/product/selank-spray; https://bacwater.ai/calculate/product/pt-141-spray; https://bacwater.ai/calculate/product/melanotan-ii-spray; https://bacwater.ai/calculate/product/ll-37; https://bacwater.ai/calculate/product/cartalax; https://bacwater.ai/calculate/product/sermorelin; https://bacwater.ai/calculate/product/kisspeptin; https://bacwater.ai/calculate/product/dihexa; https://bacwater.ai/calculate/product/vip; https://bacwater.ai/calculate/product/ara-290; https://bacwater.ai/calculate/product/dsip-spray; https://bacwater.ai/calculate/product/adalank-spray; https://bacwater.ai/calculate/product/adamax-spray; https://bacwater.ai/calculate/product/bpc-tb-spray; https://bacwater.ai/calculate/product/bpc-spray; https://bacwater.ai/calculate/product/pinealon; https://bacwater.ai/calculate/product/ahk-cu; https://bacwater.ai/learn?type=faq; https://bacwater.ai/learn?type=buying-guide; https://bacwater.ai/learn?type=safety; https://bacwater.ai/learn?topic=where-to-buy; https://bacwater.ai/calculate/bpc-157; https://bacwater.ai/calculate/tb-500; https://bacwater.ai/calculate/ipamorelin; https://bacwater.ai/calculate/cjc-1295-no-dac; https://bacwater.ai/calculate/cjc-1295-with-dac; https://bacwater.ai/calculate/sermorelin; https://bacwater.ai/calculate/hexarelin; https://bacwater.ai/calculate/semaglutide; https://bacwater.ai/calculate/tirzepatide; https://bacwater.ai/calculate/retatrutide; https://bacwater.ai/calculate/cagrilintide; https://bacwater.ai/calculate/mots-c; https://bacwater.ai/calculate/epithalon; https://bacwater.ai/calculate/ghk-cu; https://bacwater.ai/calculate/melanotan-2; https://bacwater.ai/calculate/ss-31; https://bacwater.ai/calculate/selank; https://bacwater.ai/calculate/semax; https://bacwater.ai/calculate/aod-9604; https://bacwater.ai/calculate/kisspeptin-10; https://bacwater.ai/calculate/pt-141; https://bacwater.ai/calculate/hcg; https://bacwater.ai/calculate/glow-blend; https://bacwater.ai/calculate/custom,NOT TESTED in this live audit: shared browser approval blocked
https://bacwater.ai/share-tools,200,https://bacwater.ai/share-tools,Free Calculator Embed and Unit Reference Cards | BACwater.ai,1,sitemap; https://bacwater.ai/research-finder; https://bacwater.ai/products/amino-h2o; https://bacwater.ai/products/glp-1; https://bacwater.ai/products/glp-2; https://bacwater.ai/products/glp-3; https://bacwater.ai/products/bpc-157; https://bacwater.ai/products/ghk-cu; https://bacwater.ai/products/tb-500; https://bacwater.ai/products/tesamorlin; https://bacwater.ai/products/mots-c; https://bacwater.ai/products/nad-plus; https://bacwater.ai/products/cjc-ipa-no-dac; https://bacwater.ai/products/kpv; https://bacwater.ai/products/klow; https://bacwater.ai/products/semax; https://bacwater.ai/products/glutathione; https://bacwater.ai/products/melanotan-ii; https://bacwater.ai/products/glow; https://bacwater.ai/products/selank; https://bacwater.ai/products/melanotan-i; https://bacwater.ai/products/igf-1-lr3; https://bacwater.ai/products/5-amino-1mq; https://bacwater.ai/products/wolverine-stack; https://bacwater.ai/products/pt-141; https://bacwater.ai/products/cagrilintide; https://bacwater.ai/products/aod-9604; https://bacwater.ai/products/dsip; https://bacwater.ai/products/epithalon; https://bacwater.ai/products/ipamorelin; https://bacwater.ai/products/snap-8; https://bacwater.ai/products/thymosin-alpha-1; https://bacwater.ai/products/ghkcu-spray; https://bacwater.ai/products/nad-plus-spray; https://bacwater.ai/products/semax-spray; https://bacwater.ai/products/selank-spray; https://bacwater.ai/products/pt-141-spray; https://bacwater.ai/products/melanotan-ii-spray; https://bacwater.ai/products/ll-37; https://bacwater.ai/products/cartalax; https://bacwater.ai/products/sermorelin; https://bacwater.ai/products/kisspeptin; https://bacwater.ai/products/dihexa; https://bacwater.ai/products/vip; https://bacwater.ai/products/ara-290; https://bacwater.ai/products/dsip-spray; https://bacwater.ai/products/adalank-spray; https://bacwater.ai/products/adamax-spray; https://bacwater.ai/products/bpc-tb-spray; https://bacwater.ai/products/bpc-spray; https://bacwater.ai/products/pinealon; https://bacwater.ai/products/ahk-cu; https://bacwater.ai/share-tools; https://bacwater.ai/recommendations; https://bacwater.ai/embed; https://bacwater.ai/methodology; https://bacwater.ai/compare-calculators; https://bacwater.ai/; https://bacwater.ai/peptides; https://bacwater.ai/peptides/compare; https://bacwater.ai/learn; https://bacwater.ai/faq; https://bacwater.ai/sitemap; https://bacwater.ai/tools; https://bacwater.ai/tools/vial-labels; https://bacwater.ai/learn/glossary; https://bacwater.ai/learn/bac-water-shelf-life; https://bacwater.ai/learn/where-to-buy-bacteriostatic-water; https://bacwater.ai/learn/bac-water-for-peptides; https://bacwater.ai/learn/what-you-cannot-know; https://bacwater.ai/about; https://bacwater.ai/contact; https://bacwater.ai/editorial-policy; https://bacwater.ai/preferred-source; https://bacwater.ai/terms; https://bacwater.ai/privacy; https://bacwater.ai/disclaimer; https://bacwater.ai/peptides/bpc-157; https://bacwater.ai/peptides/tb-500; https://bacwater.ai/peptides/ipamorelin; https://bacwater.ai/peptides/cjc-1295-no-dac; https://bacwater.ai/peptides/cjc-1295-with-dac; https://bacwater.ai/peptides/sermorelin; https://bacwater.ai/peptides/hexarelin; https://bacwater.ai/peptides/semaglutide; https://bacwater.ai/peptides/tirzepatide; https://bacwater.ai/peptides/retatrutide; https://bacwater.ai/peptides/cagrilintide; https://bacwater.ai/peptides/mots-c; https://bacwater.ai/peptides/epithalon; https://bacwater.ai/peptides/ghk-cu; https://bacwater.ai/peptides/melanotan-2; https://bacwater.ai/peptides/ss-31; https://bacwater.ai/peptides/selank; https://bacwater.ai/peptides/semax; https://bacwater.ai/peptides/aod-9604; https://bacwater.ai/peptides/kisspeptin-10; https://bacwater.ai/peptides/pt-141; https://bacwater.ai/peptides/hcg; https://bacwater.ai/peptides/glow-blend; https://bacwater.ai/peptides/custom; https://bacwater.ai/learn/vs/sterile-water; https://bacwater.ai/learn/vs/saline; https://bacwater.ai/learn/vs/sodium-chloride; https://bacwater.ai/learn/vs/distilled-water; https://bacwater.ai/learn/vs/benzyl-alcohol; https://bacwater.ai/learn/vs/acetic-acid; https://bacwater.ai/learn/vs/reconstitution-solution; https://bacwater.ai/learn/what-syringe-units-mean; https://bacwater.ai/learn/how-peptide-reconstitution-works; https://bacwater.ai/learn/how-to-read-a-peptide-vial; https://bacwater.ai/learn/how-to-reconstitute-tirzepatide; https://bacwater.ai/learn/how-to-read-an-insulin-syringe; https://bacwater.ai/learn/peptide-reconstitution-chart; https://bacwater.ai/learn/insulin-syringe-sizes; https://bacwater.ai/learn/too-much-bac-water; https://bacwater.ai/learn/how-to-reconstitute-bpc-157; https://bacwater.ai/learn/what-is-bac-water; https://bacwater.ai/learn/how-to-use-an-insulin-syringe; https://bacwater.ai/learn/how-to-store-reconstituted-peptides; https://bacwater.ai/learn/common-mistakes-to-avoid; https://bacwater.ai/learn/how-to-reconstitute-semaglutide; https://bacwater.ai/learn?type=guide; https://bacwater.ai/learn?type=peptide-guide; https://bacwater.ai/learn?type=comparison; https://bacwater.ai/learn?topic=dosage; https://bacwater.ai/learn?topic=storage; https://bacwater.ai/learn?topic=safety; https://bacwater.ai/learn?topic=ingredients; https://bacwater.ai/learn?topic=injection-supplies; https://bacwater.ai/learn?topic=reconstitution-method; https://bacwater.ai/learn?peptide=bpc-157; https://bacwater.ai/learn?peptide=tb-500; https://bacwater.ai/learn?peptide=ipamorelin; https://bacwater.ai/learn?peptide=cjc-1295-no-dac; https://bacwater.ai/learn?peptide=cjc-1295-with-dac; https://bacwater.ai/learn?peptide=sermorelin; https://bacwater.ai/learn?peptide=hexarelin; https://bacwater.ai/learn?peptide=semaglutide; https://bacwater.ai/learn?peptide=tirzepatide; https://bacwater.ai/learn?peptide=retatrutide; https://bacwater.ai/learn?peptide=cagrilintide; https://bacwater.ai/learn?peptide=mots-c; https://bacwater.ai/learn?peptide=epithalon; https://bacwater.ai/learn?peptide=ghk-cu; https://bacwater.ai/learn?peptide=melanotan-2; https://bacwater.ai/learn?peptide=ss-31; https://bacwater.ai/learn?peptide=selank; https://bacwater.ai/learn?peptide=semax; https://bacwater.ai/learn?peptide=aod-9604; https://bacwater.ai/learn?peptide=kisspeptin-10; https://bacwater.ai/learn?peptide=pt-141; https://bacwater.ai/learn?peptide=hcg; https://bacwater.ai/learn?peptide=glow-blend; https://bacwater.ai/learn?peptide=custom; https://bacwater.ai/search; https://bacwater.ai/signin; https://bacwater.ai/signup; https://bacwater.ai/plans; https://bacwater.ai/plans/labels; https://bacwater.ai/forgot-password; https://bacwater.ai/reset-password; https://bacwater.ai/learn?type=faq; https://bacwater.ai/learn?type=buying-guide; https://bacwater.ai/learn?type=safety; https://bacwater.ai/learn?topic=where-to-buy,NOT TESTED in this live audit: shared browser approval blocked
https://bacwater.ai/signin,200,https://bacwater.ai/signin,Sign in · BACwater.ai,1,source/history; https://bacwater.ai/signup,NOT TESTED in this live audit: shared browser approval blocked
https://bacwater.ai/signup,200,https://bacwater.ai/signup,Create your account · BACwater.ai,1,source/history; https://bacwater.ai/signin,NOT TESTED in this live audit: shared browser approval blocked
https://bacwater.ai/sitemap,200,https://bacwater.ai/sitemap,"Site Map: Calculators, Compounds and Guides | BACwater.ai",1,sitemap; source/history; https://bacwater.ai/research-finder; https://bacwater.ai/products/amino-h2o; https://bacwater.ai/products/glp-1; https://bacwater.ai/products/glp-2; https://bacwater.ai/products/glp-3; https://bacwater.ai/products/bpc-157; https://bacwater.ai/products/ghk-cu; https://bacwater.ai/products/tb-500; https://bacwater.ai/products/tesamorlin; https://bacwater.ai/products/mots-c; https://bacwater.ai/products/nad-plus; https://bacwater.ai/products/cjc-ipa-no-dac; https://bacwater.ai/products/kpv; https://bacwater.ai/products/klow; https://bacwater.ai/products/semax; https://bacwater.ai/products/glutathione; https://bacwater.ai/products/melanotan-ii; https://bacwater.ai/products/glow; https://bacwater.ai/products/selank; https://bacwater.ai/products/melanotan-i; https://bacwater.ai/products/igf-1-lr3; https://bacwater.ai/products/5-amino-1mq; https://bacwater.ai/products/wolverine-stack; https://bacwater.ai/products/pt-141; https://bacwater.ai/products/cagrilintide; https://bacwater.ai/products/aod-9604; https://bacwater.ai/products/dsip; https://bacwater.ai/products/epithalon; https://bacwater.ai/products/ipamorelin; https://bacwater.ai/products/snap-8; https://bacwater.ai/products/thymosin-alpha-1; https://bacwater.ai/products/ghkcu-spray; https://bacwater.ai/products/nad-plus-spray; https://bacwater.ai/products/semax-spray; https://bacwater.ai/products/selank-spray; https://bacwater.ai/products/pt-141-spray; https://bacwater.ai/products/melanotan-ii-spray; https://bacwater.ai/products/ll-37; https://bacwater.ai/products/cartalax; https://bacwater.ai/products/sermorelin; https://bacwater.ai/products/kisspeptin; https://bacwater.ai/products/dihexa; https://bacwater.ai/products/vip; https://bacwater.ai/products/ara-290; https://bacwater.ai/products/dsip-spray; https://bacwater.ai/products/adalank-spray; https://bacwater.ai/products/adamax-spray; https://bacwater.ai/products/bpc-tb-spray; https://bacwater.ai/products/bpc-spray; https://bacwater.ai/products/pinealon; https://bacwater.ai/products/ahk-cu; https://bacwater.ai/share-tools; https://bacwater.ai/recommendations; https://bacwater.ai/embed; https://bacwater.ai/methodology; https://bacwater.ai/compare-calculators; https://bacwater.ai/; https://bacwater.ai/peptides; https://bacwater.ai/peptides/compare; https://bacwater.ai/learn; https://bacwater.ai/faq; https://bacwater.ai/sitemap; https://bacwater.ai/tools; https://bacwater.ai/tools/vial-labels; https://bacwater.ai/learn/glossary; https://bacwater.ai/learn/bac-water-shelf-life; https://bacwater.ai/learn/where-to-buy-bacteriostatic-water; https://bacwater.ai/learn/bac-water-for-peptides; https://bacwater.ai/learn/what-you-cannot-know; https://bacwater.ai/about; https://bacwater.ai/contact; https://bacwater.ai/editorial-policy; https://bacwater.ai/preferred-source; https://bacwater.ai/terms; https://bacwater.ai/privacy; https://bacwater.ai/disclaimer; https://bacwater.ai/peptides/bpc-157; https://bacwater.ai/peptides/tb-500; https://bacwater.ai/peptides/ipamorelin; https://bacwater.ai/peptides/cjc-1295-no-dac; https://bacwater.ai/peptides/cjc-1295-with-dac; https://bacwater.ai/peptides/sermorelin; https://bacwater.ai/peptides/hexarelin; https://bacwater.ai/peptides/semaglutide; https://bacwater.ai/peptides/tirzepatide; https://bacwater.ai/peptides/retatrutide; https://bacwater.ai/peptides/cagrilintide; https://bacwater.ai/peptides/mots-c; https://bacwater.ai/peptides/epithalon; https://bacwater.ai/peptides/ghk-cu; https://bacwater.ai/peptides/melanotan-2; https://bacwater.ai/peptides/ss-31; https://bacwater.ai/peptides/selank; https://bacwater.ai/peptides/semax; https://bacwater.ai/peptides/aod-9604; https://bacwater.ai/peptides/kisspeptin-10; https://bacwater.ai/peptides/pt-141; https://bacwater.ai/peptides/hcg; https://bacwater.ai/peptides/glow-blend; https://bacwater.ai/peptides/custom; https://bacwater.ai/learn/vs/sterile-water; https://bacwater.ai/learn/vs/saline; https://bacwater.ai/learn/vs/sodium-chloride; https://bacwater.ai/learn/vs/distilled-water; https://bacwater.ai/learn/vs/benzyl-alcohol; https://bacwater.ai/learn/vs/acetic-acid; https://bacwater.ai/learn/vs/reconstitution-solution; https://bacwater.ai/learn/what-syringe-units-mean; https://bacwater.ai/learn/how-peptide-reconstitution-works; https://bacwater.ai/learn/how-to-read-a-peptide-vial; https://bacwater.ai/learn/how-to-reconstitute-tirzepatide; https://bacwater.ai/learn/how-to-read-an-insulin-syringe; https://bacwater.ai/learn/peptide-reconstitution-chart; https://bacwater.ai/learn/insulin-syringe-sizes; https://bacwater.ai/learn/too-much-bac-water; https://bacwater.ai/learn/how-to-reconstitute-bpc-157; https://bacwater.ai/learn/what-is-bac-water; https://bacwater.ai/learn/how-to-use-an-insulin-syringe; https://bacwater.ai/learn/how-to-store-reconstituted-peptides; https://bacwater.ai/learn/common-mistakes-to-avoid; https://bacwater.ai/learn/how-to-reconstitute-semaglutide; https://bacwater.ai/learn?type=guide; https://bacwater.ai/learn?type=peptide-guide; https://bacwater.ai/learn?type=comparison; https://bacwater.ai/learn?topic=dosage; https://bacwater.ai/learn?topic=storage; https://bacwater.ai/learn?topic=safety; https://bacwater.ai/learn?topic=ingredients; https://bacwater.ai/learn?topic=injection-supplies; https://bacwater.ai/learn?topic=reconstitution-method; https://bacwater.ai/learn?peptide=bpc-157; https://bacwater.ai/learn?peptide=tb-500; https://bacwater.ai/learn?peptide=ipamorelin; https://bacwater.ai/learn?peptide=cjc-1295-no-dac; https://bacwater.ai/learn?peptide=cjc-1295-with-dac; https://bacwater.ai/learn?peptide=sermorelin; https://bacwater.ai/learn?peptide=hexarelin; https://bacwater.ai/learn?peptide=semaglutide; https://bacwater.ai/learn?peptide=tirzepatide; https://bacwater.ai/learn?peptide=retatrutide; https://bacwater.ai/learn?peptide=cagrilintide; https://bacwater.ai/learn?peptide=mots-c; https://bacwater.ai/learn?peptide=epithalon; https://bacwater.ai/learn?peptide=ghk-cu; https://bacwater.ai/learn?peptide=melanotan-2; https://bacwater.ai/learn?peptide=ss-31; https://bacwater.ai/learn?peptide=selank; https://bacwater.ai/learn?peptide=semax; https://bacwater.ai/learn?peptide=aod-9604; https://bacwater.ai/learn?peptide=kisspeptin-10; https://bacwater.ai/learn?peptide=pt-141; https://bacwater.ai/learn?peptide=hcg; https://bacwater.ai/learn?peptide=glow-blend; https://bacwater.ai/learn?peptide=custom; https://bacwater.ai/search; https://bacwater.ai/signin; https://bacwater.ai/signup; https://bacwater.ai/plans; https://bacwater.ai/plans/labels; https://bacwater.ai/forgot-password; https://bacwater.ai/reset-password; https://bacwater.ai/learn?type=faq; https://bacwater.ai/learn?type=buying-guide; https://bacwater.ai/learn?type=safety; https://bacwater.ai/learn?topic=where-to-buy,NOT TESTED in this live audit: shared browser approval blocked
https://bacwater.ai/terms,200,https://bacwater.ai/terms,BACwater.ai Terms of Service,1,sitemap; https://bacwater.ai/research-finder; https://bacwater.ai/products/amino-h2o; https://bacwater.ai/products/glp-1; https://bacwater.ai/products/glp-2; https://bacwater.ai/products/glp-3; https://bacwater.ai/products/bpc-157; https://bacwater.ai/products/ghk-cu; https://bacwater.ai/products/tb-500; https://bacwater.ai/products/tesamorlin; https://bacwater.ai/products/mots-c; https://bacwater.ai/products/nad-plus; https://bacwater.ai/products/cjc-ipa-no-dac; https://bacwater.ai/products/kpv; https://bacwater.ai/products/klow; https://bacwater.ai/products/semax; https://bacwater.ai/products/glutathione; https://bacwater.ai/products/melanotan-ii; https://bacwater.ai/products/glow; https://bacwater.ai/products/selank; https://bacwater.ai/products/melanotan-i; https://bacwater.ai/products/igf-1-lr3; https://bacwater.ai/products/5-amino-1mq; https://bacwater.ai/products/wolverine-stack; https://bacwater.ai/products/pt-141; https://bacwater.ai/products/cagrilintide; https://bacwater.ai/products/aod-9604; https://bacwater.ai/products/dsip; https://bacwater.ai/products/epithalon; https://bacwater.ai/products/ipamorelin; https://bacwater.ai/products/snap-8; https://bacwater.ai/products/thymosin-alpha-1; https://bacwater.ai/products/ghkcu-spray; https://bacwater.ai/products/nad-plus-spray; https://bacwater.ai/products/semax-spray; https://bacwater.ai/products/selank-spray; https://bacwater.ai/products/pt-141-spray; https://bacwater.ai/products/melanotan-ii-spray; https://bacwater.ai/products/ll-37; https://bacwater.ai/products/cartalax; https://bacwater.ai/products/sermorelin; https://bacwater.ai/products/kisspeptin; https://bacwater.ai/products/dihexa; https://bacwater.ai/products/vip; https://bacwater.ai/products/ara-290; https://bacwater.ai/products/dsip-spray; https://bacwater.ai/products/adalank-spray; https://bacwater.ai/products/adamax-spray; https://bacwater.ai/products/bpc-tb-spray; https://bacwater.ai/products/bpc-spray; https://bacwater.ai/products/pinealon; https://bacwater.ai/products/ahk-cu; https://bacwater.ai/share-tools; https://bacwater.ai/recommendations; https://bacwater.ai/embed; https://bacwater.ai/methodology; https://bacwater.ai/compare-calculators; https://bacwater.ai/; https://bacwater.ai/peptides; https://bacwater.ai/peptides/compare; https://bacwater.ai/learn; https://bacwater.ai/faq; https://bacwater.ai/sitemap; https://bacwater.ai/tools; https://bacwater.ai/tools/vial-labels; https://bacwater.ai/learn/glossary; https://bacwater.ai/learn/bac-water-shelf-life; https://bacwater.ai/learn/where-to-buy-bacteriostatic-water; https://bacwater.ai/learn/bac-water-for-peptides; https://bacwater.ai/learn/what-you-cannot-know; https://bacwater.ai/about; https://bacwater.ai/contact; https://bacwater.ai/editorial-policy; https://bacwater.ai/preferred-source; https://bacwater.ai/terms; https://bacwater.ai/privacy; https://bacwater.ai/disclaimer; https://bacwater.ai/peptides/bpc-157; https://bacwater.ai/peptides/tb-500; https://bacwater.ai/peptides/ipamorelin; https://bacwater.ai/peptides/cjc-1295-no-dac; https://bacwater.ai/peptides/cjc-1295-with-dac; https://bacwater.ai/peptides/sermorelin; https://bacwater.ai/peptides/hexarelin; https://bacwater.ai/peptides/semaglutide; https://bacwater.ai/peptides/tirzepatide; https://bacwater.ai/peptides/retatrutide; https://bacwater.ai/peptides/cagrilintide; https://bacwater.ai/peptides/mots-c; https://bacwater.ai/peptides/epithalon; https://bacwater.ai/peptides/ghk-cu; https://bacwater.ai/peptides/melanotan-2; https://bacwater.ai/peptides/ss-31; https://bacwater.ai/peptides/selank; https://bacwater.ai/peptides/semax; https://bacwater.ai/peptides/aod-9604; https://bacwater.ai/peptides/kisspeptin-10; https://bacwater.ai/peptides/pt-141; https://bacwater.ai/peptides/hcg; https://bacwater.ai/peptides/glow-blend; https://bacwater.ai/peptides/custom; https://bacwater.ai/learn/vs/sterile-water; https://bacwater.ai/learn/vs/saline; https://bacwater.ai/learn/vs/sodium-chloride; https://bacwater.ai/learn/vs/distilled-water; https://bacwater.ai/learn/vs/benzyl-alcohol; https://bacwater.ai/learn/vs/acetic-acid; https://bacwater.ai/learn/vs/reconstitution-solution; https://bacwater.ai/learn/what-syringe-units-mean; https://bacwater.ai/learn/how-peptide-reconstitution-works; https://bacwater.ai/learn/how-to-read-a-peptide-vial; https://bacwater.ai/learn/how-to-reconstitute-tirzepatide; https://bacwater.ai/learn/how-to-read-an-insulin-syringe; https://bacwater.ai/learn/peptide-reconstitution-chart; https://bacwater.ai/learn/insulin-syringe-sizes; https://bacwater.ai/learn/too-much-bac-water; https://bacwater.ai/learn/how-to-reconstitute-bpc-157; https://bacwater.ai/learn/what-is-bac-water; https://bacwater.ai/learn/how-to-use-an-insulin-syringe; https://bacwater.ai/learn/how-to-store-reconstituted-peptides; https://bacwater.ai/learn/common-mistakes-to-avoid; https://bacwater.ai/learn/how-to-reconstitute-semaglutide; https://bacwater.ai/learn?type=guide; https://bacwater.ai/learn?type=peptide-guide; https://bacwater.ai/learn?type=comparison; https://bacwater.ai/learn?topic=dosage; https://bacwater.ai/learn?topic=storage; https://bacwater.ai/learn?topic=safety; https://bacwater.ai/learn?topic=ingredients; https://bacwater.ai/learn?topic=injection-supplies; https://bacwater.ai/learn?topic=reconstitution-method; https://bacwater.ai/learn?peptide=bpc-157; https://bacwater.ai/learn?peptide=tb-500; https://bacwater.ai/learn?peptide=ipamorelin; https://bacwater.ai/learn?peptide=cjc-1295-no-dac; https://bacwater.ai/learn?peptide=cjc-1295-with-dac; https://bacwater.ai/learn?peptide=sermorelin; https://bacwater.ai/learn?peptide=hexarelin; https://bacwater.ai/learn?peptide=semaglutide; https://bacwater.ai/learn?peptide=tirzepatide; https://bacwater.ai/learn?peptide=retatrutide; https://bacwater.ai/learn?peptide=cagrilintide; https://bacwater.ai/learn?peptide=mots-c; https://bacwater.ai/learn?peptide=epithalon; https://bacwater.ai/learn?peptide=ghk-cu; https://bacwater.ai/learn?peptide=melanotan-2; https://bacwater.ai/learn?peptide=ss-31; https://bacwater.ai/learn?peptide=selank; https://bacwater.ai/learn?peptide=semax; https://bacwater.ai/learn?peptide=aod-9604; https://bacwater.ai/learn?peptide=kisspeptin-10; https://bacwater.ai/learn?peptide=pt-141; https://bacwater.ai/learn?peptide=hcg; https://bacwater.ai/learn?peptide=glow-blend; https://bacwater.ai/learn?peptide=custom; https://bacwater.ai/search; https://bacwater.ai/signin; https://bacwater.ai/signup; https://bacwater.ai/plans; https://bacwater.ai/plans/labels; https://bacwater.ai/forgot-password; https://bacwater.ai/reset-password; https://bacwater.ai/learn?type=faq; https://bacwater.ai/learn?type=buying-guide; https://bacwater.ai/learn?type=safety; https://bacwater.ai/learn?topic=where-to-buy,NOT TESTED in this live audit: shared browser approval blocked
https://bacwater.ai/tools,200,https://bacwater.ai/tools,Free BAC Water and Peptide Calculators | BACwater.ai,1,sitemap; https://bacwater.ai/research-finder; https://bacwater.ai/products/amino-h2o; https://bacwater.ai/products/glp-1; https://bacwater.ai/products/glp-2; https://bacwater.ai/products/glp-3; https://bacwater.ai/products/bpc-157; https://bacwater.ai/products/ghk-cu; https://bacwater.ai/products/tb-500; https://bacwater.ai/products/tesamorlin; https://bacwater.ai/products/mots-c; https://bacwater.ai/products/nad-plus; https://bacwater.ai/products/cjc-ipa-no-dac; https://bacwater.ai/products/kpv; https://bacwater.ai/products/klow; https://bacwater.ai/products/semax; https://bacwater.ai/products/glutathione; https://bacwater.ai/products/melanotan-ii; https://bacwater.ai/products/glow; https://bacwater.ai/products/selank; https://bacwater.ai/products/melanotan-i; https://bacwater.ai/products/igf-1-lr3; https://bacwater.ai/products/5-amino-1mq; https://bacwater.ai/products/wolverine-stack; https://bacwater.ai/products/pt-141; https://bacwater.ai/products/cagrilintide; https://bacwater.ai/products/aod-9604; https://bacwater.ai/products/dsip; https://bacwater.ai/products/epithalon; https://bacwater.ai/products/ipamorelin; https://bacwater.ai/products/snap-8; https://bacwater.ai/products/thymosin-alpha-1; https://bacwater.ai/products/ghkcu-spray; https://bacwater.ai/products/nad-plus-spray; https://bacwater.ai/products/semax-spray; https://bacwater.ai/products/selank-spray; https://bacwater.ai/products/pt-141-spray; https://bacwater.ai/products/melanotan-ii-spray; https://bacwater.ai/products/ll-37; https://bacwater.ai/products/cartalax; https://bacwater.ai/products/sermorelin; https://bacwater.ai/products/kisspeptin; https://bacwater.ai/products/dihexa; https://bacwater.ai/products/vip; https://bacwater.ai/products/ara-290; https://bacwater.ai/products/dsip-spray; https://bacwater.ai/products/adalank-spray; https://bacwater.ai/products/adamax-spray; https://bacwater.ai/products/bpc-tb-spray; https://bacwater.ai/products/bpc-spray; https://bacwater.ai/products/pinealon; https://bacwater.ai/products/ahk-cu; https://bacwater.ai/share-tools; https://bacwater.ai/recommendations; https://bacwater.ai/embed; https://bacwater.ai/methodology; https://bacwater.ai/compare-calculators; https://bacwater.ai/; https://bacwater.ai/peptide-calculator; https://bacwater.ai/plan; https://bacwater.ai/peptides; https://bacwater.ai/peptides/compare; https://bacwater.ai/learn; https://bacwater.ai/faq; https://bacwater.ai/sitemap; https://bacwater.ai/tools; https://bacwater.ai/tools/bac-water; https://bacwater.ai/tools/dose; https://bacwater.ai/tools/syringe-units; https://bacwater.ai/tools/mg-to-mcg; https://bacwater.ai/tools/supplies; https://bacwater.ai/tools/reverse-bac; https://bacwater.ai/tools/vial-labels; https://bacwater.ai/learn/glossary; https://bacwater.ai/learn/bac-water-shelf-life; https://bacwater.ai/learn/where-to-buy-bacteriostatic-water; https://bacwater.ai/learn/bac-water-for-peptides; https://bacwater.ai/learn/what-you-cannot-know; https://bacwater.ai/about; https://bacwater.ai/contact; https://bacwater.ai/editorial-policy; https://bacwater.ai/preferred-source; https://bacwater.ai/terms; https://bacwater.ai/privacy; https://bacwater.ai/disclaimer; https://bacwater.ai/peptides/bpc-157; https://bacwater.ai/peptides/tb-500; https://bacwater.ai/peptides/ipamorelin; https://bacwater.ai/peptides/cjc-1295-no-dac; https://bacwater.ai/peptides/cjc-1295-with-dac; https://bacwater.ai/peptides/sermorelin; https://bacwater.ai/peptides/hexarelin; https://bacwater.ai/peptides/semaglutide; https://bacwater.ai/peptides/tirzepatide; https://bacwater.ai/peptides/retatrutide; https://bacwater.ai/peptides/cagrilintide; https://bacwater.ai/peptides/mots-c; https://bacwater.ai/peptides/epithalon; https://bacwater.ai/peptides/ghk-cu; https://bacwater.ai/peptides/melanotan-2; https://bacwater.ai/peptides/ss-31; https://bacwater.ai/peptides/selank; https://bacwater.ai/peptides/semax; https://bacwater.ai/peptides/aod-9604; https://bacwater.ai/peptides/kisspeptin-10; https://bacwater.ai/peptides/pt-141; https://bacwater.ai/peptides/hcg; https://bacwater.ai/peptides/glow-blend; https://bacwater.ai/peptides/custom; https://bacwater.ai/learn/vs/sterile-water; https://bacwater.ai/learn/vs/saline; https://bacwater.ai/learn/vs/sodium-chloride; https://bacwater.ai/learn/vs/distilled-water; https://bacwater.ai/learn/vs/benzyl-alcohol; https://bacwater.ai/learn/vs/acetic-acid; https://bacwater.ai/learn/vs/reconstitution-solution; https://bacwater.ai/learn/what-syringe-units-mean; https://bacwater.ai/learn/how-peptide-reconstitution-works; https://bacwater.ai/learn/how-to-read-a-peptide-vial; https://bacwater.ai/learn/how-to-reconstitute-tirzepatide; https://bacwater.ai/learn/how-to-read-an-insulin-syringe; https://bacwater.ai/learn/peptide-reconstitution-chart; https://bacwater.ai/learn/insulin-syringe-sizes; https://bacwater.ai/learn/too-much-bac-water; https://bacwater.ai/learn/how-to-reconstitute-bpc-157; https://bacwater.ai/learn/what-is-bac-water; https://bacwater.ai/learn/how-to-use-an-insulin-syringe; https://bacwater.ai/learn/how-to-store-reconstituted-peptides; https://bacwater.ai/learn/common-mistakes-to-avoid; https://bacwater.ai/learn/how-to-reconstitute-semaglutide; https://bacwater.ai/learn?type=guide; https://bacwater.ai/learn?type=peptide-guide; https://bacwater.ai/learn?type=comparison; https://bacwater.ai/learn?topic=dosage; https://bacwater.ai/learn?topic=storage; https://bacwater.ai/learn?topic=safety; https://bacwater.ai/learn?topic=ingredients; https://bacwater.ai/learn?topic=injection-supplies; https://bacwater.ai/learn?topic=reconstitution-method; https://bacwater.ai/learn?peptide=bpc-157; https://bacwater.ai/learn?peptide=tb-500; https://bacwater.ai/learn?peptide=ipamorelin; https://bacwater.ai/learn?peptide=cjc-1295-no-dac; https://bacwater.ai/learn?peptide=cjc-1295-with-dac; https://bacwater.ai/learn?peptide=sermorelin; https://bacwater.ai/learn?peptide=hexarelin; https://bacwater.ai/learn?peptide=semaglutide; https://bacwater.ai/learn?peptide=tirzepatide; https://bacwater.ai/learn?peptide=retatrutide; https://bacwater.ai/learn?peptide=cagrilintide; https://bacwater.ai/learn?peptide=mots-c; https://bacwater.ai/learn?peptide=epithalon; https://bacwater.ai/learn?peptide=ghk-cu; https://bacwater.ai/learn?peptide=melanotan-2; https://bacwater.ai/learn?peptide=ss-31; https://bacwater.ai/learn?peptide=selank; https://bacwater.ai/learn?peptide=semax; https://bacwater.ai/learn?peptide=aod-9604; https://bacwater.ai/learn?peptide=kisspeptin-10; https://bacwater.ai/learn?peptide=pt-141; https://bacwater.ai/learn?peptide=hcg; https://bacwater.ai/learn?peptide=glow-blend; https://bacwater.ai/learn?peptide=custom; https://bacwater.ai/search; https://bacwater.ai/signin; https://bacwater.ai/signup; https://bacwater.ai/plans; https://bacwater.ai/plans/labels; https://bacwater.ai/plan/new; https://bacwater.ai/forgot-password; https://bacwater.ai/reset-password; https://bacwater.ai/calculate/product/amino-h2o; https://bacwater.ai/calculate/product/glp-1; https://bacwater.ai/calculate/product/glp-2; https://bacwater.ai/calculate/product/glp-3; https://bacwater.ai/calculate/product/bpc-157; https://bacwater.ai/calculate/product/ghk-cu; https://bacwater.ai/calculate/product/tb-500; https://bacwater.ai/calculate/product/tesamorlin; https://bacwater.ai/calculate/product/mots-c; https://bacwater.ai/calculate/product/nad-plus; https://bacwater.ai/calculate/product/cjc-ipa-no-dac; https://bacwater.ai/calculate/product/kpv; https://bacwater.ai/calculate/product/klow; https://bacwater.ai/calculate/product/semax; https://bacwater.ai/calculate/product/glutathione; https://bacwater.ai/calculate/product/melanotan-ii; https://bacwater.ai/calculate/product/glow; https://bacwater.ai/calculate/product/selank; https://bacwater.ai/calculate/product/melanotan-i; https://bacwater.ai/calculate/product/igf-1-lr3; https://bacwater.ai/calculate/product/5-amino-1mq; https://bacwater.ai/calculate/product/wolverine-stack; https://bacwater.ai/calculate/product/pt-141; https://bacwater.ai/calculate/product/cagrilintide; https://bacwater.ai/calculate/product/aod-9604; https://bacwater.ai/calculate/product/dsip; https://bacwater.ai/calculate/product/epithalon; https://bacwater.ai/calculate/product/ipamorelin; https://bacwater.ai/calculate/product/snap-8; https://bacwater.ai/calculate/product/thymosin-alpha-1; https://bacwater.ai/calculate/product/ghkcu-spray; https://bacwater.ai/calculate/product/nad-plus-spray; https://bacwater.ai/calculate/product/semax-spray; https://bacwater.ai/calculate/product/selank-spray; https://bacwater.ai/calculate/product/pt-141-spray; https://bacwater.ai/calculate/product/melanotan-ii-spray; https://bacwater.ai/calculate/product/ll-37; https://bacwater.ai/calculate/product/cartalax; https://bacwater.ai/calculate/product/sermorelin; https://bacwater.ai/calculate/product/kisspeptin; https://bacwater.ai/calculate/product/dihexa; https://bacwater.ai/calculate/product/vip; https://bacwater.ai/calculate/product/ara-290; https://bacwater.ai/calculate/product/dsip-spray; https://bacwater.ai/calculate/product/adalank-spray; https://bacwater.ai/calculate/product/adamax-spray; https://bacwater.ai/calculate/product/bpc-tb-spray; https://bacwater.ai/calculate/product/bpc-spray; https://bacwater.ai/calculate/product/pinealon; https://bacwater.ai/calculate/product/ahk-cu; https://bacwater.ai/learn?type=faq; https://bacwater.ai/learn?type=buying-guide; https://bacwater.ai/learn?type=safety; https://bacwater.ai/learn?topic=where-to-buy; https://bacwater.ai/calculate/bpc-157; https://bacwater.ai/calculate/tb-500; https://bacwater.ai/calculate/ipamorelin; https://bacwater.ai/calculate/cjc-1295-no-dac; https://bacwater.ai/calculate/cjc-1295-with-dac; https://bacwater.ai/calculate/sermorelin; https://bacwater.ai/calculate/hexarelin; https://bacwater.ai/calculate/semaglutide; https://bacwater.ai/calculate/tirzepatide; https://bacwater.ai/calculate/retatrutide; https://bacwater.ai/calculate/cagrilintide; https://bacwater.ai/calculate/mots-c; https://bacwater.ai/calculate/epithalon; https://bacwater.ai/calculate/ghk-cu; https://bacwater.ai/calculate/melanotan-2; https://bacwater.ai/calculate/ss-31; https://bacwater.ai/calculate/selank; https://bacwater.ai/calculate/semax; https://bacwater.ai/calculate/aod-9604; https://bacwater.ai/calculate/kisspeptin-10; https://bacwater.ai/calculate/pt-141; https://bacwater.ai/calculate/hcg; https://bacwater.ai/calculate/glow-blend; https://bacwater.ai/calculate/custom,NOT TESTED in this live audit: shared browser approval blocked
https://bacwater.ai/tools/bac-water,200,https://bacwater.ai/tools/bac-water,BAC Water Volume and Concentration Calculator | BACwater.ai,1,sitemap; https://bacwater.ai/share-tools; https://bacwater.ai/embed; https://bacwater.ai/methodology; https://bacwater.ai/; https://bacwater.ai/peptide-calculator; https://bacwater.ai/faq; https://bacwater.ai/sitemap; https://bacwater.ai/tools; https://bacwater.ai/learn/where-to-buy-bacteriostatic-water; https://bacwater.ai/learn/bac-water-for-peptides; https://bacwater.ai/learn/vs/sterile-water; https://bacwater.ai/learn/vs/saline; https://bacwater.ai/learn/vs/sodium-chloride; https://bacwater.ai/learn/vs/distilled-water; https://bacwater.ai/learn/vs/benzyl-alcohol; https://bacwater.ai/learn/vs/acetic-acid; https://bacwater.ai/learn/vs/reconstitution-solution; https://bacwater.ai/learn/how-peptide-reconstitution-works; https://bacwater.ai/learn/how-to-read-a-peptide-vial; https://bacwater.ai/learn/peptide-reconstitution-chart; https://bacwater.ai/learn/too-much-bac-water; https://bacwater.ai/learn/what-is-bac-water; https://bacwater.ai/search,NOT TESTED in this live audit: shared browser approval blocked
https://bacwater.ai/tools/dose,200,https://bacwater.ai/tools/dose,mg and mcg to mL Calculator | BACwater.ai,1,sitemap; source/history; https://bacwater.ai/compare-calculators; https://bacwater.ai/; https://bacwater.ai/sitemap; https://bacwater.ai/tools; https://bacwater.ai/tools/bac-water; https://bacwater.ai/tools/syringe-units; https://bacwater.ai/tools/mg-to-mcg; https://bacwater.ai/learn/glossary; https://bacwater.ai/learn/what-syringe-units-mean; https://bacwater.ai/learn/how-peptide-reconstitution-works; https://bacwater.ai/learn/how-to-reconstitute-tirzepatide; https://bacwater.ai/learn/how-to-reconstitute-semaglutide; https://bacwater.ai/search,NOT TESTED in this live audit: shared browser approval blocked
https://bacwater.ai/tools/mg-to-mcg,200,https://bacwater.ai/tools/mg-to-mcg,mg to mcg Converter: Milligrams to Micrograms | BACwater.ai,1,sitemap; source/history; https://bacwater.ai/share-tools; https://bacwater.ai/embed; https://bacwater.ai/methodology; https://bacwater.ai/compare-calculators; https://bacwater.ai/; https://bacwater.ai/sitemap; https://bacwater.ai/tools; https://bacwater.ai/tools/bac-water; https://bacwater.ai/tools/syringe-units; https://bacwater.ai/learn/glossary; https://bacwater.ai/editorial-policy; https://bacwater.ai/learn/how-peptide-reconstitution-works; https://bacwater.ai/learn/how-to-read-a-peptide-vial; https://bacwater.ai/learn/peptide-reconstitution-chart; https://bacwater.ai/learn/common-mistakes-to-avoid; https://bacwater.ai/search,NOT TESTED in this live audit: shared browser approval blocked
https://bacwater.ai/tools/reverse-bac,200,https://bacwater.ai/tools/reverse-bac,Reverse BAC Water Calculator: Final Volume | BACwater.ai,1,sitemap; source/history; https://bacwater.ai/research-finder; https://bacwater.ai/products/amino-h2o; https://bacwater.ai/products/glp-1; https://bacwater.ai/products/glp-2; https://bacwater.ai/products/glp-3; https://bacwater.ai/products/bpc-157; https://bacwater.ai/products/ghk-cu; https://bacwater.ai/products/tb-500; https://bacwater.ai/products/tesamorlin; https://bacwater.ai/products/mots-c; https://bacwater.ai/products/nad-plus; https://bacwater.ai/products/cjc-ipa-no-dac; https://bacwater.ai/products/kpv; https://bacwater.ai/products/klow; https://bacwater.ai/products/semax; https://bacwater.ai/products/glutathione; https://bacwater.ai/products/melanotan-ii; https://bacwater.ai/products/glow; https://bacwater.ai/products/selank; https://bacwater.ai/products/melanotan-i; https://bacwater.ai/products/igf-1-lr3; https://bacwater.ai/products/5-amino-1mq; https://bacwater.ai/products/wolverine-stack; https://bacwater.ai/products/pt-141; https://bacwater.ai/products/cagrilintide; https://bacwater.ai/products/aod-9604; https://bacwater.ai/products/dsip; https://bacwater.ai/products/epithalon; https://bacwater.ai/products/ipamorelin; https://bacwater.ai/products/snap-8; https://bacwater.ai/products/thymosin-alpha-1; https://bacwater.ai/products/ghkcu-spray; https://bacwater.ai/products/nad-plus-spray; https://bacwater.ai/products/semax-spray; https://bacwater.ai/products/selank-spray; https://bacwater.ai/products/pt-141-spray; https://bacwater.ai/products/melanotan-ii-spray; https://bacwater.ai/products/ll-37; https://bacwater.ai/products/cartalax; https://bacwater.ai/products/sermorelin; https://bacwater.ai/products/kisspeptin; https://bacwater.ai/products/dihexa; https://bacwater.ai/products/vip; https://bacwater.ai/products/ara-290; https://bacwater.ai/products/dsip-spray; https://bacwater.ai/products/adalank-spray; https://bacwater.ai/products/adamax-spray; https://bacwater.ai/products/bpc-tb-spray; https://bacwater.ai/products/bpc-spray; https://bacwater.ai/products/pinealon; https://bacwater.ai/products/ahk-cu; https://bacwater.ai/share-tools; https://bacwater.ai/recommendations; https://bacwater.ai/embed; https://bacwater.ai/methodology; https://bacwater.ai/compare-calculators; https://bacwater.ai/; https://bacwater.ai/peptide-calculator; https://bacwater.ai/peptides; https://bacwater.ai/peptides/compare; https://bacwater.ai/learn; https://bacwater.ai/faq; https://bacwater.ai/sitemap; https://bacwater.ai/tools; https://bacwater.ai/tools/vial-labels; https://bacwater.ai/learn/glossary; https://bacwater.ai/learn/bac-water-shelf-life; https://bacwater.ai/learn/where-to-buy-bacteriostatic-water; https://bacwater.ai/learn/bac-water-for-peptides; https://bacwater.ai/learn/what-you-cannot-know; https://bacwater.ai/about; https://bacwater.ai/contact; https://bacwater.ai/editorial-policy; https://bacwater.ai/preferred-source; https://bacwater.ai/terms; https://bacwater.ai/privacy; https://bacwater.ai/disclaimer; https://bacwater.ai/peptides/bpc-157; https://bacwater.ai/peptides/tb-500; https://bacwater.ai/peptides/ipamorelin; https://bacwater.ai/peptides/cjc-1295-no-dac; https://bacwater.ai/peptides/cjc-1295-with-dac; https://bacwater.ai/peptides/sermorelin; https://bacwater.ai/peptides/hexarelin; https://bacwater.ai/peptides/semaglutide; https://bacwater.ai/peptides/tirzepatide; https://bacwater.ai/peptides/retatrutide; https://bacwater.ai/peptides/cagrilintide; https://bacwater.ai/peptides/mots-c; https://bacwater.ai/peptides/epithalon; https://bacwater.ai/peptides/ghk-cu; https://bacwater.ai/peptides/melanotan-2; https://bacwater.ai/peptides/ss-31; https://bacwater.ai/peptides/selank; https://bacwater.ai/peptides/semax; https://bacwater.ai/peptides/aod-9604; https://bacwater.ai/peptides/kisspeptin-10; https://bacwater.ai/peptides/pt-141; https://bacwater.ai/peptides/hcg; https://bacwater.ai/peptides/glow-blend; https://bacwater.ai/peptides/custom; https://bacwater.ai/learn/vs/sterile-water; https://bacwater.ai/learn/vs/saline; https://bacwater.ai/learn/vs/sodium-chloride; https://bacwater.ai/learn/vs/distilled-water; https://bacwater.ai/learn/vs/benzyl-alcohol; https://bacwater.ai/learn/vs/acetic-acid; https://bacwater.ai/learn/vs/reconstitution-solution; https://bacwater.ai/learn/what-syringe-units-mean; https://bacwater.ai/learn/how-peptide-reconstitution-works; https://bacwater.ai/learn/how-to-read-a-peptide-vial; https://bacwater.ai/learn/how-to-reconstitute-tirzepatide; https://bacwater.ai/learn/how-to-read-an-insulin-syringe; https://bacwater.ai/learn/peptide-reconstitution-chart; https://bacwater.ai/learn/insulin-syringe-sizes; https://bacwater.ai/learn/too-much-bac-water; https://bacwater.ai/learn/how-to-reconstitute-bpc-157; https://bacwater.ai/learn/what-is-bac-water; https://bacwater.ai/learn/how-to-use-an-insulin-syringe; https://bacwater.ai/learn/how-to-store-reconstituted-peptides; https://bacwater.ai/learn/common-mistakes-to-avoid; https://bacwater.ai/learn/how-to-reconstitute-semaglutide; https://bacwater.ai/learn?type=guide; https://bacwater.ai/learn?type=peptide-guide; https://bacwater.ai/learn?type=comparison; https://bacwater.ai/learn?topic=dosage; https://bacwater.ai/learn?topic=storage; https://bacwater.ai/learn?topic=safety; https://bacwater.ai/learn?topic=ingredients; https://bacwater.ai/learn?topic=injection-supplies; https://bacwater.ai/learn?topic=reconstitution-method; https://bacwater.ai/learn?peptide=bpc-157; https://bacwater.ai/learn?peptide=tb-500; https://bacwater.ai/learn?peptide=ipamorelin; https://bacwater.ai/learn?peptide=cjc-1295-no-dac; https://bacwater.ai/learn?peptide=cjc-1295-with-dac; https://bacwater.ai/learn?peptide=sermorelin; https://bacwater.ai/learn?peptide=hexarelin; https://bacwater.ai/learn?peptide=semaglutide; https://bacwater.ai/learn?peptide=tirzepatide; https://bacwater.ai/learn?peptide=retatrutide; https://bacwater.ai/learn?peptide=cagrilintide; https://bacwater.ai/learn?peptide=mots-c; https://bacwater.ai/learn?peptide=epithalon; https://bacwater.ai/learn?peptide=ghk-cu; https://bacwater.ai/learn?peptide=melanotan-2; https://bacwater.ai/learn?peptide=ss-31; https://bacwater.ai/learn?peptide=selank; https://bacwater.ai/learn?peptide=semax; https://bacwater.ai/learn?peptide=aod-9604; https://bacwater.ai/learn?peptide=kisspeptin-10; https://bacwater.ai/learn?peptide=pt-141; https://bacwater.ai/learn?peptide=hcg; https://bacwater.ai/learn?peptide=glow-blend; https://bacwater.ai/learn?peptide=custom; https://bacwater.ai/search; https://bacwater.ai/signin; https://bacwater.ai/signup; https://bacwater.ai/plans; https://bacwater.ai/plans/labels; https://bacwater.ai/forgot-password; https://bacwater.ai/reset-password; https://bacwater.ai/learn?type=faq; https://bacwater.ai/learn?type=buying-guide; https://bacwater.ai/learn?type=safety; https://bacwater.ai/learn?topic=where-to-buy,NOT TESTED in this live audit: shared browser approval blocked
https://bacwater.ai/tools/supplies,200,https://bacwater.ai/tools/supplies,Vial Count Calculator | BACwater.ai,1,sitemap; source/history; https://bacwater.ai/; https://bacwater.ai/sitemap; https://bacwater.ai/tools; https://bacwater.ai/tools/bac-water; https://bacwater.ai/tools/dose; https://bacwater.ai/tools/syringe-units; https://bacwater.ai/tools/mg-to-mcg; https://bacwater.ai/tools/supplies; https://bacwater.ai/tools/reverse-bac; https://bacwater.ai/search; https://bacwater.ai/calculate/bpc-157; https://bacwater.ai/calculate/tb-500; https://bacwater.ai/calculate/ipamorelin; https://bacwater.ai/calculate/cjc-1295-no-dac; https://bacwater.ai/calculate/cjc-1295-with-dac; https://bacwater.ai/calculate/sermorelin; https://bacwater.ai/calculate/hexarelin; https://bacwater.ai/calculate/semaglutide; https://bacwater.ai/calculate/tirzepatide; https://bacwater.ai/calculate/retatrutide; https://bacwater.ai/calculate/cagrilintide; https://bacwater.ai/calculate/mots-c; https://bacwater.ai/calculate/epithalon; https://bacwater.ai/calculate/ghk-cu; https://bacwater.ai/calculate/melanotan-2; https://bacwater.ai/calculate/ss-31; https://bacwater.ai/calculate/selank; https://bacwater.ai/calculate/semax; https://bacwater.ai/calculate/aod-9604; https://bacwater.ai/calculate/kisspeptin-10; https://bacwater.ai/calculate/pt-141; https://bacwater.ai/calculate/hcg; https://bacwater.ai/calculate/custom,NOT TESTED in this live audit: shared browser approval blocked
https://bacwater.ai/tools/syringe-units,200,https://bacwater.ai/tools/syringe-units,U-100 Insulin Syringe Units to mL Converter | BACwater.ai,1,sitemap; https://bacwater.ai/share-tools; https://bacwater.ai/embed; https://bacwater.ai/methodology; https://bacwater.ai/compare-calculators; https://bacwater.ai/; https://bacwater.ai/peptide-calculator; https://bacwater.ai/sitemap; https://bacwater.ai/tools; https://bacwater.ai/tools/bac-water; https://bacwater.ai/tools/dose; https://bacwater.ai/learn/glossary; https://bacwater.ai/editorial-policy; https://bacwater.ai/learn/what-syringe-units-mean; https://bacwater.ai/learn/how-to-read-an-insulin-syringe; https://bacwater.ai/learn/insulin-syringe-sizes; https://bacwater.ai/learn/how-to-use-an-insulin-syringe; https://bacwater.ai/search,NOT TESTED in this live audit: shared browser approval blocked
https://bacwater.ai/tools/vial-labels,200,https://bacwater.ai/tools/vial-labels,Printable Peptide Vial Labels: Free PDF Tool | BACwater.ai,1,sitemap; https://bacwater.ai/research-finder; https://bacwater.ai/products/amino-h2o; https://bacwater.ai/products/glp-1; https://bacwater.ai/products/glp-2; https://bacwater.ai/products/glp-3; https://bacwater.ai/products/bpc-157; https://bacwater.ai/products/ghk-cu; https://bacwater.ai/products/tb-500; https://bacwater.ai/products/tesamorlin; https://bacwater.ai/products/mots-c; https://bacwater.ai/products/nad-plus; https://bacwater.ai/products/cjc-ipa-no-dac; https://bacwater.ai/products/kpv; https://bacwater.ai/products/klow; https://bacwater.ai/products/semax; https://bacwater.ai/products/glutathione; https://bacwater.ai/products/melanotan-ii; https://bacwater.ai/products/glow; https://bacwater.ai/products/selank; https://bacwater.ai/products/melanotan-i; https://bacwater.ai/products/igf-1-lr3; https://bacwater.ai/products/5-amino-1mq; https://bacwater.ai/products/wolverine-stack; https://bacwater.ai/products/pt-141; https://bacwater.ai/products/cagrilintide; https://bacwater.ai/products/aod-9604; https://bacwater.ai/products/dsip; https://bacwater.ai/products/epithalon; https://bacwater.ai/products/ipamorelin; https://bacwater.ai/products/snap-8; https://bacwater.ai/products/thymosin-alpha-1; https://bacwater.ai/products/ghkcu-spray; https://bacwater.ai/products/nad-plus-spray; https://bacwater.ai/products/semax-spray; https://bacwater.ai/products/selank-spray; https://bacwater.ai/products/pt-141-spray; https://bacwater.ai/products/melanotan-ii-spray; https://bacwater.ai/products/ll-37; https://bacwater.ai/products/cartalax; https://bacwater.ai/products/sermorelin; https://bacwater.ai/products/kisspeptin; https://bacwater.ai/products/dihexa; https://bacwater.ai/products/vip; https://bacwater.ai/products/ara-290; https://bacwater.ai/products/dsip-spray; https://bacwater.ai/products/adalank-spray; https://bacwater.ai/products/adamax-spray; https://bacwater.ai/products/bpc-tb-spray; https://bacwater.ai/products/bpc-spray; https://bacwater.ai/products/pinealon; https://bacwater.ai/products/ahk-cu; https://bacwater.ai/share-tools; https://bacwater.ai/recommendations; https://bacwater.ai/embed; https://bacwater.ai/methodology; https://bacwater.ai/compare-calculators; https://bacwater.ai/; https://bacwater.ai/peptides; https://bacwater.ai/peptides/compare; https://bacwater.ai/learn; https://bacwater.ai/faq; https://bacwater.ai/sitemap; https://bacwater.ai/tools; https://bacwater.ai/tools/vial-labels; https://bacwater.ai/learn/glossary; https://bacwater.ai/learn/bac-water-shelf-life; https://bacwater.ai/learn/where-to-buy-bacteriostatic-water; https://bacwater.ai/learn/bac-water-for-peptides; https://bacwater.ai/learn/what-you-cannot-know; https://bacwater.ai/about; https://bacwater.ai/contact; https://bacwater.ai/editorial-policy; https://bacwater.ai/preferred-source; https://bacwater.ai/terms; https://bacwater.ai/privacy; https://bacwater.ai/disclaimer; https://bacwater.ai/peptides/bpc-157; https://bacwater.ai/peptides/tb-500; https://bacwater.ai/peptides/ipamorelin; https://bacwater.ai/peptides/cjc-1295-no-dac; https://bacwater.ai/peptides/cjc-1295-with-dac; https://bacwater.ai/peptides/sermorelin; https://bacwater.ai/peptides/hexarelin; https://bacwater.ai/peptides/semaglutide; https://bacwater.ai/peptides/tirzepatide; https://bacwater.ai/peptides/retatrutide; https://bacwater.ai/peptides/cagrilintide; https://bacwater.ai/peptides/mots-c; https://bacwater.ai/peptides/epithalon; https://bacwater.ai/peptides/ghk-cu; https://bacwater.ai/peptides/melanotan-2; https://bacwater.ai/peptides/ss-31; https://bacwater.ai/peptides/selank; https://bacwater.ai/peptides/semax; https://bacwater.ai/peptides/aod-9604; https://bacwater.ai/peptides/kisspeptin-10; https://bacwater.ai/peptides/pt-141; https://bacwater.ai/peptides/hcg; https://bacwater.ai/peptides/glow-blend; https://bacwater.ai/peptides/custom; https://bacwater.ai/learn/vs/sterile-water; https://bacwater.ai/learn/vs/saline; https://bacwater.ai/learn/vs/sodium-chloride; https://bacwater.ai/learn/vs/distilled-water; https://bacwater.ai/learn/vs/benzyl-alcohol; https://bacwater.ai/learn/vs/acetic-acid; https://bacwater.ai/learn/vs/reconstitution-solution; https://bacwater.ai/learn/what-syringe-units-mean; https://bacwater.ai/learn/how-peptide-reconstitution-works; https://bacwater.ai/learn/how-to-read-a-peptide-vial; https://bacwater.ai/learn/how-to-reconstitute-tirzepatide; https://bacwater.ai/learn/how-to-read-an-insulin-syringe; https://bacwater.ai/learn/peptide-reconstitution-chart; https://bacwater.ai/learn/insulin-syringe-sizes; https://bacwater.ai/learn/too-much-bac-water; https://bacwater.ai/learn/how-to-reconstitute-bpc-157; https://bacwater.ai/learn/what-is-bac-water; https://bacwater.ai/learn/how-to-use-an-insulin-syringe; https://bacwater.ai/learn/how-to-store-reconstituted-peptides; https://bacwater.ai/learn/common-mistakes-to-avoid; https://bacwater.ai/learn/how-to-reconstitute-semaglutide; https://bacwater.ai/learn?type=guide; https://bacwater.ai/learn?type=peptide-guide; https://bacwater.ai/learn?type=comparison; https://bacwater.ai/learn?topic=dosage; https://bacwater.ai/learn?topic=storage; https://bacwater.ai/learn?topic=safety; https://bacwater.ai/learn?topic=ingredients; https://bacwater.ai/learn?topic=injection-supplies; https://bacwater.ai/learn?topic=reconstitution-method; https://bacwater.ai/learn?peptide=bpc-157; https://bacwater.ai/learn?peptide=tb-500; https://bacwater.ai/learn?peptide=ipamorelin; https://bacwater.ai/learn?peptide=cjc-1295-no-dac; https://bacwater.ai/learn?peptide=cjc-1295-with-dac; https://bacwater.ai/learn?peptide=sermorelin; https://bacwater.ai/learn?peptide=hexarelin; https://bacwater.ai/learn?peptide=semaglutide; https://bacwater.ai/learn?peptide=tirzepatide; https://bacwater.ai/learn?peptide=retatrutide; https://bacwater.ai/learn?peptide=cagrilintide; https://bacwater.ai/learn?peptide=mots-c; https://bacwater.ai/learn?peptide=epithalon; https://bacwater.ai/learn?peptide=ghk-cu; https://bacwater.ai/learn?peptide=melanotan-2; https://bacwater.ai/learn?peptide=ss-31; https://bacwater.ai/learn?peptide=selank; https://bacwater.ai/learn?peptide=semax; https://bacwater.ai/learn?peptide=aod-9604; https://bacwater.ai/learn?peptide=kisspeptin-10; https://bacwater.ai/learn?peptide=pt-141; https://bacwater.ai/learn?peptide=hcg; https://bacwater.ai/learn?peptide=glow-blend; https://bacwater.ai/learn?peptide=custom; https://bacwater.ai/search; https://bacwater.ai/signin; https://bacwater.ai/signup; https://bacwater.ai/plans; https://bacwater.ai/plans/labels; https://bacwater.ai/forgot-password; https://bacwater.ai/reset-password; https://bacwater.ai/learn?type=faq; https://bacwater.ai/learn?type=buying-guide; https://bacwater.ai/learn?type=safety; https://bacwater.ai/learn?topic=where-to-buy,NOT TESTED in this live audit: shared browser approval blocked
